id,domain_name,certificate_arn,aliases,comment,restrictions
E2Q3IP9QFUIZNB,d9pner0xhf5ap.cloudfront.net,arn:aws:acm:us-east-1:389841910643:certificate/7250229e-1727-4e59-a484-78c7ed0cbd68,*.stg.citizenlab.co,,
E1MXOX27YGJGS0,d3m6t70kct18ep.cloudfront.net,arn:aws:acm:us-east-1:389841910643:certificate/7250229e-1727-4e59-a484-78c7ed0cbd68,i18n.stg.citizenlab.co,,
E2MY732QC516J3,d22u23ab7nfmi3.cloudfront.net,arn:aws:acm:us-east-1:389841910643:certificate/148c91cf-bef3-4ec7-afd2-8d38cb834b0d,"*.citizenlab.nl,*.citizenlab.co,*.citizenlab.be",,
E1B4U92LFZO7A7,d11sw6i8w0vz0j.cloudfront.net,arn:aws:acm:us-east-1:389841910643:certificate/89fb4249-62bd-4084-9a75-d107eec04181,ideas.smartertogether.ca,,
E3UULSPV0GMLKI,d1ec3o1s8kflwo.cloudfront.net,arn:aws:acm:us-east-1:389841910643:certificate/eec194a1-ac50-4794-ac41-b37015000792,support.citizenlab.co,,
EV70M5D9G6J1Z,d1rcaq0mcnwaut.cloudfront.net,arn:aws:acm:us-east-1:389841910643:certificate/94b6ca06-5155-453e-9783-8ff4e17bc244,www.zukunft-pfaffenhausen.de,,
ETEEW5KWCLCC0,d1u4025w07jdj8.cloudfront.net,arn:aws:acm:us-east-1:389841910643:certificate/ea396029-bb95-44c8-8bb5-fd572949a39f,engage.vub.be,,"IN,VN,ZM,BD,ID,PK,KH"
E2TNIEGLJPDO5M,d2fwks60mhmcrv.cloudfront.net,arn:aws:acm:us-east-1:389841910643:certificate/f370e34e-c1a4-45db-915a-1163b1a80032,www.meinaugustusburg.de,,
E1Q2BPVGTMX2SS,d3an3cz7irin2j.cloudfront.net,arn:aws:acm:us-east-1:389841910643:certificate/ab877c9a-aee6-47c6-836e-0576d42e4784,www.demain-mont-saint-guibert.be,,
EQCD2M7FG16ZG,dvs26bsv1snlu.cloudfront.net,arn:aws:acm:us-east-1:389841910643:certificate/a495eb96-8a06-4ab4-9b29-ce5ce5a98b45,www.govchat.org.za,,
E3JE28R00ID8AH,d1fj6didoocmbt.cloudfront.net,arn:aws:acm:us-east-1:389841910643:certificate/438e1f9b-a59c-44a9-8689-9b80eccb9225,www.bodobylab.no,,
ENPPARVDNJGCG,d2m8sbkvwl94q.cloudfront.net,arn:aws:acm:us-east-1:389841910643:certificate/3dd376fe-f649-441c-b394-a7ef7fa8d97f,mijnideevoorvlaamsbrabant.be,,
E27PQY30VQD0L2,d3rqtxvejm6sn8.cloudfront.net,arn:aws:acm:us-east-1:389841910643:certificate/b9bf57d7-b1c3-4d17-832d-e6aad2e1a0d7,www.onscranendonck.nu,,
E2FWZ5ZIH4RAJU,d3q8byowxjj473.cloudfront.net,arn:aws:acm:us-east-1:389841910643:certificate/948b1083-b603-4931-aea3-4b47f4e7992c,www.reconstruisonsverviers.be,,
E3SZN4AKFSPCMQ,d1w1g1depihmjr.cloudfront.net,arn:aws:acm:us-east-1:389841910643:certificate/96282444-d351-4a7a-af1b-2593d1ff582e,www.welklimburgwiljij.be,,
ENUIRL1PV7V2P,d1zs1upxc8f6ah.cloudfront.net,arn:aws:acm:us-east-1:389841910643:certificate/f328a344-d3e6-4c21-9578-bdd67f3c3060,participate.smartcity.brussels,,"IN,VN,ZM,BD,ID,PK,KH"
E377KFKJLM87G6,detl0n5rrfz2n.cloudfront.net,arn:aws:acm:us-east-1:389841910643:certificate/60dfcd86-e043-48c3-92e1-b1290cef45fe,www.mortselinbeweging.be,,
E2JKKKEL8L1BH0,d2qwe7qqi1if8e.cloudfront.net,arn:aws:acm:us-east-1:389841910643:certificate/1c0fb4b8-2c9b-44f6-af8c-84a5a7a1d39b,mijngedacht.steenokkerzeel.be,,
E3IJMOQZE6H432,d3s5wav9svnh52.cloudfront.net,arn:aws:acm:us-east-1:389841910643:certificate/b360f852-e831-48c1-90e9-31b48ecc0a92,jaimerueiljeparticipe.fr,,
E2YS5LFEQL2M80,d5ftrxx5xnq1d.cloudfront.net,arn:aws:acm:us-east-1:389841910643:certificate/46427cf4-4c7d-46a3-bc89-6b0bd4e8a549,participation.frw.be,,
E317JSCNOVB5KD,d2u81gu2zu43pz.cloudfront.net,arn:aws:acm:us-east-1:389841910643:certificate/196b079a-8e95-4300-8ecf-df2d68ed570d,wapeisje.be,,
E20ZTVZM355X6L,d3vf6edlu4lm73.cloudfront.net,arn:aws:acm:us-east-1:389841910643:certificate/c627b414-814c-4bda-b7be-4a3fe4b27bf3,forum.gov.bm,,"IN,VN,ZM,BD,ID,PK,KH"
E36R1Q09DC5VTF,d3j4ksfgf7480y.cloudfront.net,arn:aws:acm:us-east-1:389841910643:certificate/d9db0e1f-f1d9-4229-8452-bdbc5f1d9d54,participer.grandparissud.fr,,"IN,VN,ZM,BD,ID,PK,KH"
EFJXSXA3V351X,d1vn85pu05t7v6.cloudfront.net,arn:aws:acm:us-east-1:389841910643:certificate/0f1dbc40-5207-4ad3-8030-0ea63926da5c,onlinestadsgesprek.harderwijk.nl,,
EWXUN3U4NXW2R,d231lvo942sw30.cloudfront.net,arn:aws:acm:us-east-1:389841910643:certificate/91018897-c7ca-48a8-a646-81df00f3481e,inclusiondigitaleinclusie.be,,
E16VB7B4HWBORN,d21mcm5f9pcyk1.cloudfront.net,arn:aws:acm:us-east-1:389841910643:certificate/b6601046-946e-4211-abf1-72ee5119fa3e,bienenroute.brussels,,
ELLZVBNGKHIR1,d3umqlwitvu2wc.cloudfront.net,arn:aws:acm:us-east-1:389841910643:certificate/9b110169-2154-4b9b-ab32-33f67665aa06,*.start.citizenlab.co,,
E3V8FT8P3SCWH9,d1hxh5qgocnjqg.cloudfront.net,arn:aws:acm:us-east-1:389841910643:certificate/51a295fa-5843-410b-ae15-4cae20e18583,participatie.laarne.be,,
E184VGO4NYZBZJ,dxekpzrpuby0t.cloudfront.net,arn:aws:acm:us-east-1:389841910643:certificate/1ae27d65-f329-430a-af1c-ac1e2775ab0c,participatie.niel.be,,
E192U4MHQBXLT4,d3f35if602sslg.cloudfront.net,arn:aws:acm:us-east-1:389841910643:certificate/1831d170-63be-4558-b1bc-49d5c17b286b,ideas4planet.be,,
EG7J40XWB1WME,d3muje8ne60qq0.cloudfront.net,arn:aws:acm:us-east-1:389841910643:certificate/cefc9b00-dd24-4cf9-bb1a-bbd477f17f27,inspraak.sint-niklaas.be,,
E9B0YG0SJZ80O,d31cxttshtyerb.cloudfront.net,arn:aws:acm:us-east-1:389841910643:certificate/ea396029-bb95-44c8-8bb5-fd572949a39f,vox.vub.be,,
E37LR0IXR5DZ7R,d1mp2fne92maxi.cloudfront.net,arn:aws:acm:us-east-1:389841910643:certificate/d4ba1f0b-290f-493a-8c59-d0869ad93266,idee-wo.be,,
E1BV9HA97ZXVPY,dx0qo5zi0q3gq.cloudfront.net,arn:aws:acm:us-east-1:389841910643:certificate/7c27e271-0c30-4a73-9da6-bfde7a41fbc9,jaimelariche.fr,,
E3AZGJOHGORXOH,d1u70wevz4b672.cloudfront.net,arn:aws:acm:us-east-1:389841910643:certificate/6decd501-dcf0-44f2-bb4b-64d28839bc5b,participez.mairie-orsay.fr,,
E2AEEB4DMYG6TO,d28zkngeejr6yy.cloudfront.net,arn:aws:acm:us-east-1:389841910643:certificate/be4fb6e2-d546-431b-959a-8a85524357c7,kortrijkspreekt.be,,
E163RXW1NZHJNZ,d2vnukp79e4ev6.cloudfront.net,arn:aws:acm:us-east-1:389841910643:certificate/4be5ee0e-f526-4f23-947c-3b61076bfa56,participationcitoyenne.grigny91.fr,,
E2EZX9N5355IKN,d2d9l10hzceq3e.cloudfront.net,arn:aws:acm:us-east-1:389841910643:certificate/1e334e56-6c4a-49f7-80c6-ac981cac70b3,youth4climate.be,,"IN,VN,ZM,BD,ID,PK,KH"
EN0ZLUMOR7JMB,d20zhyd2r61bhl.cloudfront.net,arn:aws:acm:us-east-1:389841910643:certificate/e09cf773-a811-4159-b981-76e016a686f0,zwevegemparticipeert.be,,
EKGTQA1BLBB3Y,d16kfiqsp0ljsh.cloudfront.net,arn:aws:acm:us-east-1:389841910643:certificate/dce7ea42-33be-462b-9a52-ca9e0a447981,jeparticipe-cusset.com,,
E5CKJGYHX6536,d240zkkfkotyu9.cloudfront.net,arn:aws:acm:us-east-1:389841910643:certificate/ec30128e-6cc2-42d2-9817-a97ce5c69497,kinrooimeemaken.be,,
E35QGIOIAXSYGP,d2ebwj770pnfsm.cloudfront.net,arn:aws:acm:us-east-1:389841910643:certificate/a49e3441-fa5c-4903-9e9a-66efb5e88e63,participatie.aalsmeer.nl,,
E3LB6B4JG2LU77,d14d9emx7mo7kg.cloudfront.net,arn:aws:acm:us-east-1:389841910643:certificate/4873d666-5bc0-4451-af58-05555985d780,leuvenmaakhetmee.be,,
E3VEGHGBK5W3WD,d1p5r6d2v2fzgk.cloudfront.net,arn:aws:acm:us-east-1:389841910643:certificate/7e87216a-2825-4a27-848b-d718a64481d9,speakup2019.be,,
E2XYMWX3GVZ18C,d78kmhptnk466.cloudfront.net,arn:aws:acm:us-east-1:389841910643:certificate/949b045e-5d3e-4dbe-83bd-e5febb64f74d,denkmeemet.waregem.be,,
E2G185MHVFECH0,d13v4wmy8ti91p.cloudfront.net,arn:aws:acm:us-east-1:389841910643:certificate/5c7fee0e-7734-4e9e-8ba0-b329d441e318,denkmee-hoogstraten.be,,
E32SU19Z3N7TUB,dff682gg5p18n.cloudfront.net,arn:aws:acm:us-east-1:389841910643:certificate/2c272260-732b-4fa7-8482-55cf2ecdd95c,monquartierinnove.fr,,
E3IJFYI7QPTJHQ,dgb3w4dsvf23t.cloudfront.net,arn:aws:acm:us-east-1:389841910643:certificate/438e1f9b-a59c-44a9-8689-9b80eccb9225,inspire.citizenlab.co,,
E250L45KPYSPQS,dhczb8gbc181j.cloudfront.net,arn:aws:acm:us-east-1:389841910643:certificate/fd7fb934-e21e-4648-91c8-61d012c80365,wuustwezelwenst.be,,
E2DJ0QYILXLYS6,dip2qbjwpx1dn.cloudfront.net,arn:aws:acm:us-east-1:389841910643:certificate/67d2f3d6-e4ce-4069-bf83-93a32355f5c4,inspraak.oudenaarde.be,,
E375ZK66QJQS7J,d2d064647rs7hy.cloudfront.net,arn:aws:acm:us-east-1:389841910643:certificate/636575d8-0365-427d-804d-55bdd57ed0ed,mijn.ninove.be,,
E2A10TBO94TNAN,d239sjr7pl1zru.cloudfront.net,arn:aws:acm:us-east-1:389841910643:certificate/24b2ebb7-cdf9-4a6a-bbdd-53984472f5e9,ideevoor.hasselt.be,,
EXDYYDVV3XVQ4,d3akhxrsyy2d9w.cloudfront.net,arn:aws:acm:us-east-1:389841910643:certificate/3e756bb8-b021-45f9-a0f6-84a14ddeb12d,ichtegeminspireert.be,,
E1KFMETBX9OPPB,ddfif5owzdsla.cloudfront.net,arn:aws:acm:us-east-1:389841910643:certificate/6b015310-9338-43fa-877f-0edf06b75a23,silverfin.auth.citizenlab.eu,,
E2DU2U24E3EEHR,d2uahammdqz4bb.cloudfront.net,arn:aws:acm:us-east-1:389841910643:certificate/36510ae6-fada-4db4-8d04-573130aea96f,denkmee.lokeren.be,,
E1B0GQ0BHZC0TS,d1em3w9gcd5r69.cloudfront.net,arn:aws:acm:us-east-1:389841910643:certificate/d6263161-71ac-4481-8c10-d81bb072fa17,denkeensh.herzele.be,,
E1TJVEKSYLZNV0,d2zv5xy1o1pf6u.cloudfront.net,arn:aws:acm:us-east-1:389841910643:certificate/cb147717-e91b-408d-b4d1-c9d2bce1fc89,creamos.injuv.cl,,
EV252BGHYMU9J,d3i2pzkbvix0zr.cloudfront.net,arn:aws:acm:us-east-1:389841910643:certificate/d52bb8c5-2be4-4d8b-99ff-f1a85ca910db,penalolenmascerca.cl,,
E3NHYBHFFTAJ6,dck4kr8kxr2c3.cloudfront.net,arn:aws:acm:us-east-1:389841910643:certificate/3985c3d7-42a7-44a6-bca3-bafcf481b97e,hallo.harelbeke.be,,
E2QFFM0ZJLA0KE,d1zyuqkr9cjkdy.cloudfront.net,arn:aws:acm:us-east-1:389841910643:certificate/42331e32-4019-4a7d-8757-f6a9d743a97f,iedereenmee.koksijde.be,,"IN,VN,ZM,BD,ID,PK,KH"
E15DS68W9R1I0L,d3g0396fdwdl4.cloudfront.net,arn:aws:acm:us-east-1:389841910643:certificate/20c41066-448a-4341-98fd-d706dd89823e,maakjebuurtmee.rotselaar.be,,
E2JP9MBDNVKN7G,d3uktyq2gl9w31.cloudfront.net,arn:aws:acm:us-east-1:389841910643:certificate/4173c0b2-9b24-4760-b435-b36cab9dc2be,samen.medemblik.nl,,
E1CO9QDLZRUMWF,d3ustb64gxugxt.cloudfront.net,arn:aws:acm:us-east-1:389841910643:certificate/ac5c15ba-dc02-45ac-90ae-c15be7ecdaa7,innovationshauptplatz.linz.at,,
EOT03FASMF58K,d1o3c2ljdb2bo3.cloudfront.net,arn:aws:acm:us-east-1:389841910643:certificate/f6e1dd82-1d85-4c8d-aae4-c695321b6d0e,denkmee.hollandskroon.nl,,
E22WF5HDZWEXQ1,d1rgiro0ukmo7h.cloudfront.net,arn:aws:acm:us-east-1:389841910643:certificate/8101c15f-f0e2-4c94-8304-1e3080b46992,denkmee.kalmthout.be,,
E1UJIYTXCY8F45,d3ivme1u5wj53y.cloudfront.net,arn:aws:acm:us-east-1:389841910643:certificate/a2383901-7784-49ee-966d-17362ac36fb9,citoyen.engis.be,,
EWV61ALT0ZY0B,d5qvmnolac1pi.cloudfront.net,arn:aws:acm:us-east-1:389841910643:certificate/b9fbd4ee-0fa4-429a-aea3-75f76ae50abc,heumenpraatmee.nl,,
E3LVIRK4UVQ636,d12jbla8pmgq07.cloudfront.net,arn:aws:acm:us-east-1:389841910643:certificate/19280f84-790e-420d-80c7-f89b289ee9d9,projetmontpellier.fr,,
E2U4NG5ELNRI4R,d37a8rzqanqnwx.cloudfront.net,arn:aws:acm:us-east-1:389841910643:certificate/69bb4e4f-e520-4cd8-880b-f684771329bb,deltag.voresmaal.dk,,
E20YF461K91G4L,d2n5lvfzrue7nw.cloudfront.net,arn:aws:acm:us-east-1:389841910643:certificate/e46582bf-1b40-42b7-9fab-a5adffd93cdf,hecht.haacht.be,,
E24N9GK07GTKIT,d2oy3ts8qtqlds.cloudfront.net,arn:aws:acm:us-east-1:389841910643:certificate/0b4d2c7c-9375-44c5-a003-a3b0d302fee6,"*.citizenlab.cl,san-bernardo.citizenlab.co,san-vicente.citizenlab.co,san-ramon.citizenlab.co,constitucion.citizenlab.co,san-esteban.citizenlab.co,lacamaraparticipa.citizenlab.co,tumunicipio.citizenlab.co,participaconenergia.citizenlab.co,participacionambiental.citizenlab.co,argentinaparticipa.citizenlab.co,participamop.citizenlab.co,prc-demo.citizenlab.co,acerca-redes.citizenlab.co,somoschoapa.citizenlab.co,santiago.demo.citizenlab.co,senama.demo.citizenlab.co,lascondes.demo.citizenlab.co,conectados.citizenlab.co,municipiosenpandemia.citizenlab.co,neuquenparticipa.citizenlab.co,seiaparticipativo.citizenlab.co,concepcionparticipa.citizenlab.co,mineriasustentable.citizenlab.co,argentina-demo.citizenlab.co,statkraftparticipa.citizenlab.co,minvu.citizenlab.co,fortalezacruzada.citizenlab.co,lautaroparticipa.citizenlab.co,estrategiaregionaldesarrollomaule.citizenlab.co,sanisidroparticipa.citizenlab.co,corrientes2030demo.citizenlab.co,agendadigitalrd.citizenlab.co,agendapublicadigital.citizenlab.co,mexico3-demo.citizenlab.co,mexico2-demo.citizenlab.co,colegioelectoral.citizenlab.co,caimanespelambres.citizenlab.co,reconstruccionhonduras.citizenlab.co,ints-demo.citizenlab.co,opcion.citizenlab.co,humana.citizenlab.co,jaiba1-demo.citizenlab.co,dialogonacional.citizenlab.co,plataformasoporte.citizenlab.co,elnuevotrato.citizenlab.co,barilocheparticipa.citizenlab.co,municipiodeyopal.citizenlab.co,sebi-ec-test.citizenlab.co,dialogaciudadcndu.citizenlab.co,tenemosquehablardechile.citizenlab.co,demoacciona.citizenlab.co,demomuninatales.citizenlab.co,redpublica.citizenlab.co,mopchile.citizenlab.co,valparaisoparticipa.citizenlab.co,goresantiago.citizenlab.co,demoestacioncentral.citizenlab.co,demogeneradoras.citizenlab.co,maipuparticipa.citizenlab.co,demoarica.citizenlab.co,lareinaparticipa.citizenlab.co,dialogoreformas3.citizenlab.co,quilicuraparticipa.citizenlab.co,demoislademaipo.citizenlab.co,jaiba.citizenlab.co,puertovaras.citizenlab.co,municolinademo.citizenlab.co,municerronaviademo.citizenlab.co,democolbun.citizenlab.co,medellindemo.citizenlab.co,demoaguazul.citizenlab.co,democolbunmulchen.citizenlab.co,demoreformatributaria.citizenlab.co,demomelipilla.citizenlab.co,saneamentodebasenatural.citizenlab.co,democontraloria.citizenlab.co,santaanatzacuala-hidalgo.citizenlab.co,escazuparticipa.citizenlab.co,demorenca.citizenlab.co,demomimunicipio.citizenlab.co,nunoaparticipa.citizenlab.co,calamaparticipa.citizenlab.co,constitucionparticipa.citizenlab.co,iquiqueparticipa.citizenlab.co,bogotademo.citizenlab.co,metroparticipa.citizenlab.co,democauquenes.citizenlab.co,gobiernodigital.citizenlab.co,mmademo.citizenlab.co,jd-pantanal.citizenlab.co,democorfo.citizenlab.co,vinadelmarparticipa.citizenlab.co,novalima.citizenlab.co,demovaldivia.citizenlab.co,vitacuraparticipa.citizenlab.co,mintransporte.citizenlab.co,demominmineria.citizenlab.co,demominsal.citizenlab.co,gorebiobiodemo.citizenlab.co,goreantofagastademo.citizenlab.co,ejealamedaprovidencia.citizenlab.co,talca.citizenlab.co,demoancud.citizenlab.co,consejoconstitucional.citizenlab.co,temucoparticipademo.citizenlab.co,demolaserena.citizenlab.co,demohuechuraba.citizenlab.co,constitucionparticipativa.citizenlab.co,demosanpedroatacama.citizenlab.co,demomaipuparticipa.citizenlab.co,demotocopilla.citizenlab.co,demosanbernardo.citizenlab.co,demopoliticalitio.citizenlab.co,redmercosurfromargentina.citizenlab.co,demolobarnechea.citizenlab.co,esquerre.citizenlab.co,demomaculparticipa.citizenlab.co,demodistritonorte.citizenlab.co,danitza.citizenlab.co,dguminvuparticipa.citizenlab.co,corporacionciudadesparticipa.citizenlab.co,participaconserviu.citizenlab.co,demointerchile.citizenlab.co,quilpueparticipa.citizenlab.co,tuorganizacion.citizenlab.co,democodelcoandina.citizenlab.co,puntarenasdemo.citizenlab.co,holaamericademo.citizenlab.co,democencosud.citizenlab.co,sanpedrodecide-demo.citizenlab.co,cocacolademo.citizenlab.co,banco-santander-demo.citizenlab.co,muni-sanborja-demo.citizenlab.co,prolima-demo.citizenlab.co,debatenuevaconstitucion.citizenlab.co,paraguayacclab-demo.citizenlab.co,codelcoandina.citizenlab.co,sanmiguelparticipa.citizenlab.co,sernacdemo.citizenlab.co,participaquinta-normal.citizenlab.co,mirafloresparticipa.citizenlab.co",,
E2LZ2DYX2DF5LX,d1qvjgcfiip1g2.cloudfront.net,arn:aws:acm:us-east-1:389841910643:certificate/b134608e-013e-4c40-acf5-68893a27d21a,maasmechelenmeemaken.be,,
E29N0PRXLGCTOZ,d1qdg3f4ppkhgl.cloudfront.net,arn:aws:acm:us-east-1:389841910643:certificate/3d3a4b44-522a-4c35-951a-f8624039f111,doemee.leiden.nl,,"IN,VN,ZM,BD,ID,PK,KH"
E21H7967CXPP9W,d3i6qypjneb7zu.cloudfront.net,arn:aws:acm:us-east-1:389841910643:certificate/a96af114-5e87-4fdb-aa2c-3e0db63a2b2c,consultaciudadanalampa.cl,,
E1WLB7V3BG8RDR,dnogd2cfvrg7m.cloudfront.net,arn:aws:acm:us-east-1:389841910643:certificate/4edf67ac-552d-43f6-9e67-b9c2f2500222,conectajusticia.minjusticia.gob.cl,,
EAOVF5N5V8YKC,d2xszm7ec8vdnz.cloudfront.net,arn:aws:acm:us-east-1:389841910643:certificate/2e79c2e6-d931-40d2-bbf1-886848c5863d,borgerlab.horsholm.dk,,
E2CEVESAAMWQIF,d1qfwlc5x3qbhj.cloudfront.net,arn:aws:acm:us-east-1:389841910643:certificate/34ffffa1-072d-40cf-9e01-28b9911ddbcc,goodlab.be,,
E3SQKUMGHTWHIG,d3nci25khl4vga.cloudfront.net,arn:aws:acm:us-east-1:389841910643:certificate/7274eb05-c32f-434b-bb2e-aae52996c933,denkmee.malle.be,,
E1EUUJDGHL3QP7,d2qornf3c6g3xv.cloudfront.net,arn:aws:acm:us-east-1:389841910643:certificate/7250229e-1727-4e59-a484-78c7ed0cbd68,"portland-trial.citizenlab.co,bsi-pen-test.citizenlab.co,weho-demo.citizenlab.co,rockville-demo.citizenlab.co,vallejo-demo.citizenlab.co,richmond-demo.citizenlab.co,richmond-demo2.citizenlab.co,ps-demo.citizenlab.co,concordia-demo.citizenlab.co,tofino-demo.citizenlab.co,boralex-demo.citizenlab.co,laredo-demo.citizenlab.co,hartford-demo.citizenlab.co,bloomington-demo.citizenlab.co,azfuture-demo.citizenlab.co,assurity-trial-dzg.citizenlab.co,rochester-demo.citizenlab.co,athens2-demo.citizenlab.co,carlisle.citizenlab.co,northhaven-demo.citizenlab.co,kalamazoo-demo.citizenlab.co,norristown-demo.citizenlab.co,boise-demo.citizenlab.co,amos-demo.citizenlab.co,stateofutah-demo.citizenlab.co,valleyregionaltransit.citizenlab.co,stateofutah-demo1.citizenlab.co,edit-the-city-philly.citizenlab.co,connectingtocongress.citizenlab.co,dccolab.citizenlab.co,champaign-demo.citizenlab.co,rexburgid.citizenlab.co,gprwc.citizenlab.co,mashpee.citizenlab.co,corey.citizenlab.co,irenetest.citizenlab.co,cincinnati.citizenlab.co,answerals.citizenlab.co,harperwoods.citizenlab.co,drumheller.citizenlab.co,greenumbrella.citizenlab.co,futureconcordia.citizenlab.co,otago.citizenlab.co,seattleparksrec.citizenlab.co,psu-demo.citizenlab.co,psu2-demo.citizenlab.co,downtowngr.citizenlab.co,demo-nina.citizenlab.co,northlea.citizenlab.co,cityofmanor.citizenlab.co,aacids.citizenlab.co,ratpatootie.citizenlab.co,engagetab.citizenlab.co,andrea.citizenlab.co,yreka.citizenlab.co,districtofsaanich-demo.citizenlab.co,cityofnina.citizenlab.co,emily.citizenlab.co,stlouis.citizenlab.co,demo-cityoftoronto.citizenlab.co,demo-mwcog.citizenlab.co,demo-torontoward18.citizenlab.co,engagesanderscounty.citizenlab.co,demo-chattanooga.citizenlab.co,demo-sarah.citizenlab.co,lac.citizenlab.co,losalamitos.citizenlab.co,districtof-saanich.citizenlab.co,sebi-usa.citizenlab.co,demotrial-dialoguepartners.citizenlab.co,nyc-demo.citizenlab.co,montgomery-county.citizenlab.co,usadvisor-demo.citizenlab.co",,
E29N8EW2IV6JSS,d2hl9fr8qkc90d.cloudfront.net,arn:aws:acm:us-east-1:389841910643:certificate/af541506-2219-4d7a-9fe6-e131f02c6119,participatransparente.cl,,
E36ACG46RJSXBQ,dsg1oarf4onfl.cloudfront.net,arn:aws:acm:us-east-1:389841910643:certificate/8085e97d-4f17-4488-9d5f-e90150d51078,denkmee.dendermonde.be,,
E1TU4LMAFZUPW4,dl6fszocm03fo.cloudfront.net,arn:aws:acm:us-east-1:389841910643:certificate/70d012e0-62ed-453e-a07b-b2f264d2b3cd,forum.urbansecurity.be,,
E2GE32X8VKDYKH,dkdm85vjcvcrc.cloudfront.net,arn:aws:acm:us-east-1:389841910643:certificate/acaa7cfd-f98e-434d-ae0a-c8da22e41cba,mach-mit.freiraum-fichtelgebirge.de,,
E3VK81WEZ1ZHIY,d1e9vo7maquyfy.cloudfront.net,arn:aws:acm:us-east-1:389841910643:certificate/e4648ceb-b9f1-436f-b47b-a22ed2227f40,idee.namensnederland.nl,,
E3LUTK856T1N8X,d1ysnz2vgxizo.cloudfront.net,arn:aws:acm:us-east-1:389841910643:certificate/58c9398d-3943-48c7-af95-e0b3fe4f6ec6,stadsgesprekken.almere.nl,,"IN,VN,ZM,BD,ID,PK,KH"
E14OGFHX5V0QA,d15vcknmljuw3c.cloudfront.net,arn:aws:acm:us-east-1:389841910643:certificate/3d2da8f4-f85c-422f-b189-643213482cc5,samen.noordwijk.nl,,
E2790KVB29EPKV,d11eaq716i8dwd.cloudfront.net,arn:aws:acm:us-east-1:389841910643:certificate/8bb206b5-c30e-4795-a504-155eed4b3e25,kommuneqarfiga.sermersooq.gl,,
EAWTBGZ64HOUY,d3nt6xhko1mdcj.cloudfront.net,arn:aws:acm:us-east-1:389841910643:certificate/63e2d22e-3882-4e19-ad6e-8953e09a7dc0,aandeslag.gemeentealtena.nl,,
ELYB7WJAHIYT2,d95bzjkri220i.cloudfront.net,arn:aws:acm:us-east-1:389841910643:certificate/cf2b77b4-790f-4e44-90c4-ce53de80c8c3,samen.dongen.nl,,
E3M67T4JFDAHYR,d29107uako0ucs.cloudfront.net,arn:aws:acm:us-east-1:389841910643:certificate/1beee9a6-bb7d-4967-9c15-c12e06b99624,stemvan.wageningen.nl,,
E2JCU639AY9LEU,d2h5f6jmr7hl25.cloudfront.net,arn:aws:acm:us-east-1:389841910643:certificate/7c32be21-68b6-4306-bd74-86c77924be83,denkmee.amstelveen.nl,,"IN,VN,ZM,BD,ID,PK,KH"
EF1JQJXL8USJ3,db0pu6zhvynn4.cloudfront.net,arn:aws:acm:us-east-1:389841910643:certificate/4a976fb7-d62d-4d4d-85a3-58cab9d3efa1,goedgezegd.deinze.be,,
E2KK12MJI26U4B,d2zsy5kve1cko0.cloudfront.net,arn:aws:acm:us-east-1:389841910643:certificate/7cc7bd81-0b3e-4cd2-b4a7-c6bcc933863e,policylab.org.uk,,
E23628Z96WMPGA,d3m0x1dcaml1qc.cloudfront.net,arn:aws:acm:us-east-1:389841910643:certificate/b9aea4f7-053a-47d0-8fc7-4fbbc02f0346,mobiliteitsvisie2040.vlaanderen.be,,"IN,VN,ZM,BD,ID,PK,KH"
E11CD6HJ4AVQL6,d1qbog4cg8dylu.cloudfront.net,arn:aws:acm:us-east-1:389841910643:certificate/77f3e7bd-c577-43eb-9940-d77426c4208d,involve.winsford.gov.uk,,
E1JOYICHZD0623,d15wp6vq9oof3b.cloudfront.net,arn:aws:acm:us-east-1:389841910643:certificate/0a941f44-de4c-46b8-bcc7-4afcafeb57ce,mijnmening.beveren.be,,
E3LSOBY8MK71CF,d1c4csoqkz9qbr.cloudfront.net,arn:aws:acm:us-east-1:389841910643:certificate/48545de3-2870-4af7-85c2-bf7408513642,inspraak.wevelgem.be,,
EL0M5EKM0UOWK,d3jwn466hztz91.cloudfront.net,arn:aws:acm:us-east-1:389841910643:certificate/3d23b950-e164-4111-9d90-0bf0bc8cb72a,alnainvolverer.no,,
E1CU1ESTDR55GV,d19gxrxtno57bp.cloudfront.net,arn:aws:acm:us-east-1:389841910643:certificate/6b4bfda9-4dea-48c8-a358-7a1bd9026c01,samen.menen.be,,
EJDV08MCYFZ8H,d2dfphrocyber6.cloudfront.net,arn:aws:acm:us-east-1:389841910643:certificate/720b5282-aa8b-49cb-99fa-afdd4970e0be,deltag.furesoe.dk,,"IN,VN,ZM,BD,ID,PK,KH"
E276MPZL93MHCF,d14b4l7uhbpuln.cloudfront.net,arn:aws:acm:us-east-1:389841910643:certificate/c2ad4497-5e3a-487f-836a-7a723f3d58b8,borgernet.odsherred.dk,,"IN,VN,ZM,BD,ID,PK,KH"
E3N2L59LEEIT7J,dyyccpda4lfhw.cloudfront.net,arn:aws:acm:us-east-1:389841910643:certificate/27028150-823e-4184-9cf6-7fa88a23e3f0,participatie.stad.gent,,"IN,VN,ZM,BD,ID,PK,KH"
E3IRRP3U9XY781,dxpwytim7x94i.cloudfront.net,arn:aws:acm:us-east-1:389841910643:certificate/7b37ffb3-6057-4f40-b84c-c6f537cb30df,gamleosloinvolverer.no,,
ECJEEZDX1H038,d3esnbcsa293t8.cloudfront.net,arn:aws:acm:us-east-1:389841910643:certificate/6da23068-8de3-479d-8a8c-a6fb65d50ee0,participacion.cecrea.cl,,
EOJTHGLACBNFR,djbxyh1or20ca.cloudfront.net,arn:aws:acm:us-east-1:389841910643:certificate/148c91cf-bef3-4ec7-afd2-8d38cb834b0d,matomo.hq.citizenlab.co,,
ED9ZJK23TTVK5,d2ww2in9jun8ms.cloudfront.net,arn:aws:acm:us-east-1:389841910643:certificate/5eb51043-ab3f-42c4-92fb-16c71c751e1f,pakaan.herentals.be,,
EE1PB0LAOPVD8,drwrst3xy4g1a.cloudfront.net,arn:aws:acm:us-east-1:389841910643:certificate/73102413-edaa-4300-80c6-02cd33b15f47,denkmee.nieuwkoop.nl,,
E3F6NHPTOMCKK8,d1jvnc6kscjows.cloudfront.net,arn:aws:acm:us-east-1:389841910643:certificate/1bd23b19-e2b0-46a4-90a3-36f2e6c2927a,engage.cityoflancasterpa.com,,"IN,VN,ZM,BD,ID,PK,KH"
E1CUGXNPB8HTJC,d1znbowwy15kjg.cloudfront.net,arn:aws:acm:us-east-1:389841910643:certificate/3feef3ed-f0c2-4a36-8aed-835aba0d2dd2,derechoshumanoslocales.cl,,
E2H8CY487ARAJ2,d2ggu7faqrsz3o.cloudfront.net,arn:aws:acm:us-east-1:389841910643:certificate/9998a004-941d-4ff2-82f7-3ca0387de123,jeparticipe.mairie-ida.fr,,
EZCKSIMT2PQCV,disq6jfd3gguf.cloudfront.net,arn:aws:acm:us-east-1:389841910643:certificate/1aecc81d-e702-4639-9829-e461ec9d46d4,jerico.amigo.community,,
E263H27XE6PTLE,d2apcp1veg3ez8.cloudfront.net,arn:aws:acm:us-east-1:389841910643:certificate/9d324c08-4eaf-4d0d-bb49-dce5d842215e,samen.schagen.nl,,
E2QTWDOKD9M8VN,d3cg5wv5obeiqc.cloudfront.net,arn:aws:acm:us-east-1:389841910643:certificate/c126df42-cd66-4d2f-9d1d-6611a83abb35,parti-cip.be,,
E1D03V8EUSL64T,d27p1t0mx64kmn.cloudfront.net,arn:aws:acm:us-east-1:389841910643:certificate/bfac7060-1b3e-4e24-95ce-bd2eacea4cfe,tppcoronel.cl,,
E2I562DY18AYOH,d2eoaobuyxr4v6.cloudfront.net,arn:aws:acm:us-east-1:389841910643:certificate/e9bdd1d0-103b-4ec9-8d14-00b19409ff79,participanoneutrales.cl,,
ET1PFI4D42A8Y,d3u0p7ly2jf46w.cloudfront.net,arn:aws:acm:us-east-1:389841910643:certificate/a1df4164-bfee-4642-beff-eef91e37af06,zuurstof.be,,
E2N8SKREJM3CE4,d1ge2mm3jtugz5.cloudfront.net,arn:aws:acm:us-east-1:389841910643:certificate/31ac775f-f8b1-4b51-afc1-f39170869815,oergedach.hoeselt.be,,
E2E3HK3FLJHEGU,d1ietk7v9s3658.cloudfront.net,arn:aws:acm:us-east-1:389841910643:certificate/aeefc4b9-c4c1-4b42-8405-c24460281dc3,goespraatmee.nl,,
E1IZF1PUXOFK72,dlbz735yj00w8.cloudfront.net,arn:aws:acm:us-east-1:389841910643:certificate/4c041fd5-0f29-4223-8290-49a70ab1afea,doemee.oegstgeest.nl,,
E1UTO24N8JD1K5,d1y40hjzkr2tax.cloudfront.net,arn:aws:acm:us-east-1:389841910643:certificate/c27b48d7-593a-4c77-b19a-d724a7613a3a,udenaanhetwoord.nl,,
EE2BJ6KL0QB3N,d3h4rryajoz89.cloudfront.net,arn:aws:acm:us-east-1:389841910643:certificate/55f6d0db-aa0a-4312-a964-49cbb2eee39f,deeljeidee.sport.vlaanderen,,"IN,VN,ZM,BD,ID,PK,KH"
E3HP7GJ2TPE2JE,d185ttfh4glofm.cloudfront.net,arn:aws:acm:us-east-1:389841910643:certificate/bd99838c-4e79-4ae3-a1e3-f1f454dba53a,wijzijnmalinwa.be,,
E2QPNYJWVBZUS0,d135f5xjdge76o.cloudfront.net,arn:aws:acm:us-east-1:389841910643:certificate/33fb5a90-84ce-4184-ad36-2cfa277158bb,doemee.middelburgers.nl,,
E2DWU16FBGZLGF,d261cn9tpqfj2s.cloudfront.net,arn:aws:acm:us-east-1:389841910643:certificate/418d4d86-2f82-4b3a-9933-ec4afd320787,vores.dn.dk,,"IN,VN,ZM,BD,ID,PK,KH"
E2VIOSGHFXDF5Y,d2ipammlofymdm.cloudfront.net,arn:aws:acm:us-east-1:389841910643:certificate/78dccd08-1d1b-4f5b-93f4-bbed0360725d,convencion.cultura.gob.cl,,
E2NLK3ORHCN6HM,d3nm1y0gnbb7t8.cloudfront.net,arn:aws:acm:us-east-1:389841910643:certificate/148c91cf-bef3-4ec7-afd2-8d38cb834b0d,sentry.hq.citizenlab.co,,
EV8N9FQ0ZXPM2,d1t05r7kj1xi26.cloudfront.net,arn:aws:acm:us-east-1:389841910643:certificate/4eaeda12-f1cb-4909-a7dd-ff350be89595,doemee.alken.be,,
EVXX0QRVMSREX,d1dxskiu7nc44b.cloudfront.net,arn:aws:acm:us-east-1:389841910643:certificate/705eb840-79cd-4993-b04c-0c7145796fc4,youthawards.wwf.be,,"IN,VN,ZM,BD,ID,PK,KH"
E1BB7U9M6UNRN8,d263pmij9tmipc.cloudfront.net,arn:aws:acm:us-east-1:389841910643:certificate/91275af4-d916-4b34-b475-b41a1abb286c,participer.ville-antony.fr,,
E4NXIX61W8XL6,d30npdodugf2eo.cloudfront.net,arn:aws:acm:us-east-1:389841910643:certificate/5a398d1e-dad0-4ac8-a83c-4bbaf7625695,backtocampus.ulb.be,,
E5LDFZKC9GQO7,dky3zbvf799w6.cloudfront.net,arn:aws:acm:us-east-1:389841910643:certificate/66e44c1f-979d-4578-8e3c-4a8423bd39c8,preus.meulebeke.be,,
ERXL7X6P9IUWV,d3dal7qeykkbe4.cloudfront.net,arn:aws:acm:us-east-1:389841910643:certificate/5c11e564-e570-418a-bb35-9ced722a0c35,samenwerkenaan.heerde.nl,,
E2BSDT08K12TXM,d2s76fxj85xefn.cloudfront.net,arn:aws:acm:us-east-1:389841910643:certificate/28fa20b9-e92c-448d-bded-5a6ab04dd0f5,denkmee.achtkarspelen.nl,,
E1VVGKOBCEYYW1,d32qkxsrtn1glr.cloudfront.net,arn:aws:acm:us-east-1:389841910643:certificate/48e8537b-649a-452c-b537-6309f138cb31,denkmee.t-diel.nl,,
E26A7HH92AGO9U,d1l8f9plipo5lz.cloudfront.net,arn:aws:acm:us-east-1:389841910643:certificate/202e1aea-7720-4716-8060-a87743bd94dc,demain.villedavray.fr,,
E2I43VI8SE3YVN,d2nc6cosysqy44.cloudfront.net,arn:aws:acm:us-east-1:389841910643:certificate/d017260d-32d3-4294-864f-236e7cd02f42,samenhattem.nl,,
E1QAO2Z1IPY4SI,d3sg15jc2m494z.cloudfront.net,arn:aws:acm:us-east-1:389841910643:certificate/6040b6ce-4f00-4240-b5df-5c1ff7e8011e,developpementrural.tournai.be,,
E4AV0R6NHUDPB,d2wwxbxx5c78n3.cloudfront.net,arn:aws:acm:us-east-1:389841910643:certificate/7f1927d4-0233-439c-a106-ef33c52273bd,dialogportalen.odense.dk,,"IN,VN,ZM,BD,ID,PK,KH"
E1PNAGPF6WY1UG,d3qwzho5a3affc.cloudfront.net,arn:aws:acm:us-east-1:389841910643:certificate/587aa6f7-25bf-41d4-9dcf-cecc903b4b35,denkmee.schouwen-duiveland.nl,,
E2FFNSKVKGYVGF,d3r6irzposq1gs.cloudfront.net,arn:aws:acm:us-east-1:389841910643:certificate/bd0615ef-18d3-49c2-b544-00a6a7d28a72,jeparticipe.bourgoinjallieu.fr,,
E330UWCKIQTPA2,d1tb1592ftugen.cloudfront.net,arn:aws:acm:us-east-1:389841910643:certificate/1fe053ba-2564-443e-8bad-b879c55b6238,dialog.assens.dk,,
E32Z07D42SWNKU,d34o8adbo60v4o.cloudfront.net,arn:aws:acm:us-east-1:389841910643:certificate/7250229e-1727-4e59-a484-78c7ed0cbd68,developers.citizenlab.co,,
EWUPJTA7BVXWG,d2kfay8asy38rj.cloudfront.net,arn:aws:acm:us-east-1:389841910643:certificate/936ff8f7-1ac3-488f-ba5e-b19d61308c0e,ingesprek.denhelder.nl,,
E832HH2S2NAOS,d3flf9dx6k6u5b.cloudfront.net,arn:aws:acm:us-east-1:389841910643:certificate/d4862b5c-c860-4ac0-9298-42bf3dbaf380,"*.citizenlab.uk,uktest2.citizenlab.co,caddick-consultation-demo.citizenlab.co,restorationandrenewal.citizenlab.co,brent.citizenlab.co,qmul.citizenlab.co,healthwatch-england.citizenlab.co,care-inspectorate.citizenlab.co,nmc.citizenlab.co,city-of-london.citizenlab.co,wokingham.citizenlab.co,hastings.citizenlab.co,innovation-hub.citizenlab.co,benfsandbox.citizenlab.co,havant.citizenlab.co,klimatekonnect.citizenlab.co,telfordtrial.citizenlab.co,salfordtrial.citizenlab.co,grandbequest.citizenlab.co,simon-test2-insights.citizenlab.co,cambridge.citizenlab.co,sustainability-koru-examples.citizenlab.co,rabi-demo.citizenlab.co,englandathletics.citizenlab.co,old-nmc.citizenlab.co,outthereartsdemo.citizenlab.co,giig.citizenlab.co,charly-demo-platform.citizenlab.co,wemakesouthampton.citizenlab.co,lora-demo-platform-uk.citizenlab.co,charly-demo-platform-uk.citizenlab.co,democharly-platform.citizenlab.co,brightonandhove-demo.citizenlab.co,outthereartsclosed.citizenlab.co,baberghandmidsuffolk.citizenlab.co,oldbank-of-england.citizenlab.co,fraser-demo.citizenlab.co,north-york-cc.citizenlab.co,edward-demo.citizenlab.co,newforest.citizenlab.co,ards-northdown.citizenlab.co,westofengland.citizenlab.co,falkirkdemo.citizenlab.co,staffy-trial.citizenlab.co,northnorth.citizenlab.co,chest-trial.citizenlab.co,goc.citizenlab.co,nick-demo.citizenlab.co,nwg.citizenlab.co,sgc-trial.citizenlab.co,strategiclocalplan.citizenlab.co,carmart-trial.citizenlab.co,lbs-trial.citizenlab.co,new-lora-demo.citizenlab.co,colettessandbox.citizenlab.co,colettessandbox2.citizenlab.co,simon-uk-certs.citizenlab.co",,
E1IJ6GA2IS35LY,dufcc0f4gd22u.cloudfront.net,arn:aws:acm:us-east-1:389841910643:certificate/9ea17d16-8fc3-408c-a237-c64cecc4679a,team.one.brussels,,
E151RP4BUZAFCA,d2ttuqdj91r1mi.cloudfront.net,arn:aws:acm:us-east-1:389841910643:certificate/96eb4ec5-adba-4fe6-a534-3c9a39903a04,nuestravozimporta.cl,,
E21SOBO1ZG8Y3N,d3ucop2yxvw24i.cloudfront.net,arn:aws:acm:us-east-1:389841910643:certificate/66a68d20-5998-48ae-8dc2-aa3dbb296627,doemee-oirschot.nl,,
E30E65V10SVA1T,d23fjy3nktwtfi.cloudfront.net,arn:aws:acm:us-east-1:389841910643:certificate/2ba9f116-6e7d-4c10-a10f-4af6320bf4ba,jeparticipe.rungis.fr,,
E3AEI0PWX9HZRM,d1z3k14umq705m.cloudfront.net,arn:aws:acm:us-east-1:389841910643:certificate/d79304d8-368e-4986-8b70-d440f0e40f6d,participatie.kruisem.be,,
E2LCGDYRXNVCPZ,d1i2ggl9dblpuy.cloudfront.net,arn:aws:acm:us-east-1:389841910643:certificate/ca178772-e9ce-401d-8025-0515de2730db,doemee.valkenburg.nl,,
E2B1E1X67FB01U,d1hb7q63i9sz7z.cloudfront.net,arn:aws:acm:us-east-1:389841910643:certificate/6b424fb4-3a39-4561-a531-08d5a7b4ef21,voluitsamen.kortenberg.be,,
EPGQXQTF42FY9,d2d14sfho3etmi.cloudfront.net,arn:aws:acm:us-east-1:389841910643:certificate/cdf010f3-5b2a-4217-ad38-11991ebb8249,deleraar.vlor.be,,
E2A7DSDMJR083U,d22edaaylkb565.cloudfront.net,arn:aws:acm:us-east-1:389841910643:certificate/66cc91ca-68a1-4703-b041-a8e64c4472d6,wijzijn.kuurne.be,,
E1N3J20IHFI2ZN,d17go9jsvny6vi.cloudfront.net,arn:aws:acm:us-east-1:389841910643:certificate/ef5625dc-daa8-43e7-a2f9-6bdbe9c966bb,denkmee.bodegraven-reeuwijk.nl,,
E3FD5VE1A4ZMRS,d39q64rwc2031e.cloudfront.net,arn:aws:acm:us-east-1:389841910643:certificate/46d72440-0632-4383-94ae-232fa3f4b885,samen.stedebroec.nl,,
E2MOX7R7ARSKOY,d3iri7d6kee9x4.cloudfront.net,arn:aws:acm:us-east-1:389841910643:certificate/b07114a4-478d-444c-bce3-723c07a89540,samen.berlaar.be,,
EBO2Q26531O0K,dgtzy95g30eee.cloudfront.net,arn:aws:acm:us-east-1:389841910643:certificate/cba4f73b-12a3-498f-b0f3-79e9bead1c5a,samen.enkhuizen.nl,,
E2NVN0QXSNOTTS,d1u8px1hsi5ghc.cloudfront.net,arn:aws:acm:us-east-1:389841910643:certificate/1a5712c7-1888-4aa2-9bbe-1169c191d576,samen.drechterland.nl,,
E3N0R1QKOOWFRZ,dt3evqw7vsjqs.cloudfront.net,arn:aws:acm:us-east-1:389841910643:certificate/5444c7b5-2863-4172-a461-0f9d0d65ba51,"*.epic.citizenlab.co,epic.citizenlab.co",,
EZRG5A8ROEET7,d2j4rbjunntll6.cloudfront.net,arn:aws:acm:us-east-1:389841910643:certificate/0c78b9d9-2dce-4e90-a700-b3a8c1f13c3e,strategyconsultation.sportengland.org,,"IN,VN,ZM,BD,ID,PK,KH"
E19K98OUMUGI9U,d2tej4zq0x13hp.cloudfront.net,arn:aws:acm:us-east-1:389841910643:certificate/292e2c83-c2e1-4517-a14f-d10d29a5c79c,communitystream.co.uk,,
E1472WK3ULME9B,d2b3w6uioya61h.cloudfront.net,arn:aws:acm:us-east-1:389841910643:certificate/74a87c98-a1a7-4ede-b567-d3635cdd76e2,newhamco-create.co.uk,,
ECY9G43HTEHUZ,d270iqsr9kd3xr.cloudfront.net,arn:aws:acm:us-east-1:389841910643:certificate/9cb93de7-6529-4bfd-9488-af912e3cb3e7,meridianoneconsultation.co.uk,,
E25QYNOWYX5MJB,dvxt9wg2vmvlk.cloudfront.net,arn:aws:acm:us-east-1:389841910643:certificate/2a9213c2-9834-436c-991a-c767364c0d0a,engage.stirling.gov.uk,,
EHUFZX491KJ4R,d114p985dbhhib.cloudfront.net,arn:aws:acm:us-east-1:389841910643:certificate/cf2c8f79-78c4-446e-8fce-d647e85e0287,shapingthamesmeadnow.org.uk,,
E39KTI5R9UE00Q,dtzoqlainytyj.cloudfront.net,arn:aws:acm:us-east-1:389841910643:certificate/36f1a757-0ca2-4015-a635-22a4034fd5ef,newplanforimmigration.com,,
E23ZN6XWJZK0SE,d1xcep36ziykbm.cloudfront.net,arn:aws:acm:us-east-1:389841910643:certificate/f74d62fe-f5f7-4578-b897-450f8488ff76,participation.concordia.ca,,
E2LGAISYR6TVT0,d13a2am3dqr972.cloudfront.net,arn:aws:acm:us-east-1:389841910643:certificate/5bdae7e4-4c94-4042-9166-741214f3996f,maashorstaanhetwoord.nl,,
EN0CH162LF9IV,d3g0shug0guhwt.cloudfront.net,arn:aws:acm:us-east-1:389841910643:certificate/9951c018-c565-4829-8888-50310406a4c6,samenbergendal.nl,,
EFEVOE8FSEA51,d15tjhp7rebiic.cloudfront.net,arn:aws:acm:us-east-1:389841910643:certificate/7af7b79f-bc1f-48df-ac7a-da7def7da7d6,mitkbhpoliti.dk,,
E2IPGDI1L4HB5J,d20v1y8hzflae7.cloudfront.net,arn:aws:acm:us-east-1:389841910643:certificate/b9887c5f-a31f-4d48-bcab-d08c63aa929f,participationcitoyenne.vitry94.fr,,
EF2A8YO2VPY8Q,d20vr4ba956h8h.cloudfront.net,arn:aws:acm:us-east-1:389841910643:certificate/03bc18f3-c77b-4813-a0fd-ea1905270204,hilversum2040.nl,,
E16XYIMRXKXC7W,d8jmpiivpu51m.cloudfront.net,arn:aws:acm:us-east-1:389841910643:certificate/a0191126-7515-44b7-b99a-ea8116cf1831,labo.newb.coop,,
E1TT0NBBODRSR4,d2gvno1agujbre.cloudfront.net,arn:aws:acm:us-east-1:389841910643:certificate/b5f69ef5-7ee9-4ce8-8ef9-66d1f27228be,engage.restorationandrenewal.uk,,
E27WOH4U8507U7,d5fivs5g4mr3r.cloudfront.net,arn:aws:acm:us-east-1:389841910643:certificate/aabc5647-ea4a-4b77-ae82-b24fed596423,viskaber.roskilde.dk,,"IN,VN,ZM,BD,ID,PK,KH"
E11TIVKIJMU4D7,d1hgupz0rt7azn.cloudfront.net,arn:aws:acm:us-east-1:389841910643:certificate/f4a08da8-73b6-459e-be51-be88b4bf1cfb,denkmee.katwijk.nl,,
E3OB2R0MS5C8KQ,d2kq0nlk9zy28k.cloudfront.net,arn:aws:acm:us-east-1:389841910643:certificate/5851661f-4263-4ef0-a11e-7f18d0d68e3b,praatmee.ofw.nl,,
EZWZ9RHUF9VI4,d1zthf0zegxq6i.cloudfront.net,arn:aws:acm:us-east-1:389841910643:certificate/be98ae7c-910e-4018-a58b-ae87ccf70198,denkmee.schoten.be,,
E2EV3TUA8KEPF4,d3bwbuyb3a9xp3.cloudfront.net,arn:aws:acm:us-east-1:389841910643:certificate/f35339cd-3364-44ec-940d-110c6f60fea3,plan-velo.charenton.fr,,
E28O4WLP5862AR,dzbxqft2fcg6m.cloudfront.net,arn:aws:acm:us-east-1:389841910643:certificate/2abd982d-c6b2-47af-a332-10d3d32ce9a6,sammenom.frederikshavn.dk,,"IN,VN,ZM,BD,ID,PK,KH"
EMZEU2KJ3UAQB,drwd5srki4peu.cloudfront.net,arn:aws:acm:us-east-1:389841910643:certificate/309bb1f9-f41e-4a93-8b02-955d978390bd,doemee.oosterhout.nl,,
E2RXO3HYDDOA01,d3ofskuv2dhlfh.cloudfront.net,arn:aws:acm:us-east-1:389841910643:certificate/af29c8c1-5959-49ad-8733-b408a66c27c4,praatmee.schoten.be,,
E3ROFEA3GRURRW,d2o9fb934tuwtc.cloudfront.net,arn:aws:acm:us-east-1:389841910643:certificate/45c48c8d-79c4-44ad-a984-704945cdf94f,temsespreekt.be,,
E2FEF462KZ9VWG,d26yzf5vz97sd2.cloudfront.net,arn:aws:acm:us-east-1:389841910643:certificate/540fa299-cfb9-41ac-955f-f441ae1c2ca7,geefsmaak.boom.be,,
E3M06COR4YRE42,d2oyt5njrr67ut.cloudfront.net,arn:aws:acm:us-east-1:389841910643:certificate/60c82007-b103-47c9-8d6d-90f13b3b05c9,all-for-zero.be,,
E9DIK7K5LPUZD,d1fgy31nbmehhh.cloudfront.net,arn:aws:acm:us-east-1:389841910643:certificate/b6ce2e99-4522-4ed3-a4a6-f128f21cc004,gestalte.taunusstein.de,,
E1P7APQ9FCT1PD,dduc1h0rp43pl.cloudfront.net,arn:aws:acm:us-east-1:389841910643:certificate/79515854-8b18-4fae-8992-f6c2a60fa378,haveyoursay.brent.gov.uk,,"IN,VN,ZM,BD,ID,PK,KH"
E3UNT8TE0U5E7R,d7i7cpqlul3uc.cloudfront.net,arn:aws:acm:us-east-1:389841910643:certificate/bd2a80a5-90ae-4ab9-a4cf-d28be97c5723,lavoixsolidaire.fehap.fr,,"IN,VN,ZM,BD,ID,PK,KH"
E1ED5MRQKJZGML,dyeru8f1brke9.cloudfront.net,arn:aws:acm:us-east-1:389841910643:certificate/a1b73529-3499-48c8-825d-f95776adeaef,samenwerkenaan.oldebroek.nl,,
E20NCV7K2T3J3K,d30mghhakcq04y.cloudfront.net,arn:aws:acm:us-east-1:389841910643:certificate/b56d2ed7-1532-4180-9ec8-2869aca6a209,houtenpraatmee.nl,,
EBLFKGAMZ9EB0,d23uxlnuoxe4ry.cloudfront.net,arn:aws:acm:us-east-1:389841910643:certificate/5de26756-de34-4ed1-9ca5-9b01456ec7bc,jeparticipe.ville-massy.fr,,
E21YRX3UJN6Z65,dcw14jt8f89gt.cloudfront.net,arn:aws:acm:us-east-1:389841910643:certificate/877871b7-ab66-4c27-8108-a6a361759fce,denkmee.utrecht.nl,,"IN,VN,ZM,BD,ID,PK,KH"
E3QWOAEJQPXXDH,d29k82xq0lq67s.cloudfront.net,arn:aws:acm:us-east-1:389841910643:certificate/9a3b9795-12fb-49b1-b7f8-9411323bb55f,waddsup.waddinxveen.nl,,
E17ARX7UMWS2IR,d9nimse0e5fvj.cloudfront.net,arn:aws:acm:us-east-1:389841910643:certificate/66527d51-6c3c-4c5a-b14a-a0c5d6aa0a93,meedoen.losser.nl,,
E1XPJ663B60AYR,d3nl8eqxft9t1k.cloudfront.net,arn:aws:acm:us-east-1:389841910643:certificate/f52173fe-820a-4f70-a98f-7f957856ae84,engage.wokingham.gov.uk,,
E3B3ETCW3ZRU3D,d2i44du6zre482.cloudfront.net,arn:aws:acm:us-east-1:389841910643:certificate/09c9c90e-acd9-47c0-98db-94042674db40,denkmee.zoersel.be,,
E359JAPLST88AC,d3oyy9g7p6e67k.cloudfront.net,arn:aws:acm:us-east-1:389841910643:certificate/9c914267-78b9-454a-bd46-05161af1ca0f,sammenom.rudersdal.dk,,"IN,VN,ZM,BD,ID,PK,KH"
E3P2D00G491R0L,d1j5dsjerqzruv.cloudfront.net,arn:aws:acm:us-east-1:389841910643:certificate/a24c8723-d237-4bc3-ab48-d59e15ab3a24,mijn.vilvoorde.be,,
EH29KS3DPN9I7,dfs734dm7derc.cloudfront.net,arn:aws:acm:us-east-1:389841910643:certificate/b0e08cba-1073-48e0-9e25-715aa7b3c7c0,lafabriquecitoyenne.charenton.fr,,
E194LL6LUA89XG,d2fq2hvjnln1fk.cloudfront.net,arn:aws:acm:us-east-1:389841910643:certificate/1a7b4458-20c5-44de-8fcf-7c9a848c4b95,pclengagement-hub.co.uk,,
EGODWURFO2NQO,d36oyxzyirziwp.cloudfront.net,arn:aws:acm:us-east-1:389841910643:certificate/36b9e529-475c-4aed-9f46-f4814c4894aa,ons.oostende.be,,
E1DVU7JMQZFJZ2,d1foggfky2h1gl.cloudfront.net,arn:aws:acm:us-east-1:389841910643:certificate/3cebe311-2dfb-4689-ae99-4c31cc4964f5,vi.skaber.frederikssund.dk,,"IN,VN,ZM,BD,ID,PK,KH"
E1T95SE00N8P1M,d1ietr6e6s7ll8.cloudfront.net,arn:aws:acm:us-east-1:389841910643:certificate/9fec4bc6-5b92-4064-9d79-cdad3e82d08c,wijmakenevergem.be,,
EXT4LA4CKN8QJ,d1s69f2li8t03m.cloudfront.net,arn:aws:acm:us-east-1:389841910643:certificate/9205a8f5-8dc6-43e2-afab-c871bef64de4,monprojet.villers-saint-paul.fr,,
EKV8T7E4YSO2D,d2hjxw1oioiezl.cloudfront.net,arn:aws:acm:us-east-1:389841910643:certificate/114fb0bc-72fe-4540-9a76-8a2df87cd848,peoplestech.nyc,,
E1NQB0YX9YYMB7,d3fsped6j4etx6.cloudfront.net,arn:aws:acm:us-east-1:389841910643:certificate/f939d8af-c97b-42b1-b8d8-250165613a8b,ingenuityleeds.com,,
E1Y6SO0IGKOIPV,dim67afgvvwil.cloudfront.net,arn:aws:acm:us-east-1:389841910643:certificate/148c91cf-bef3-4ec7-afd2-8d38cb834b0d,nyc.citizenlab.co,,
E33CO8YKA3TGKH,d1akx3gz4z8ano.cloudfront.net,arn:aws:acm:us-east-1:389841910643:certificate/8f31a170-70b6-4053-9868-2a85fe19a364,soroedialog.dk,,
E2BJ0SVGM1J781,dnsp6etvfgmb5.cloudfront.net,arn:aws:acm:us-east-1:389841910643:certificate/2ffe3826-050a-4ef0-8589-a92428954828,platform.culemborg.nl,,
E3AEO2YL2CYRNU,d20u88i6nhxsro.cloudfront.net,arn:aws:acm:us-east-1:389841910643:certificate/c7657fd0-fc67-4b0f-bf22-2088a7ee43c8,www.zesumme-vereinfachen.lu,,
E1VZI7DZZSR6DX,d34okjcfyjqhsa.cloudfront.net,arn:aws:acm:us-east-1:389841910643:certificate/8a7ca96c-6cd7-4189-8524-836af6b37601,yourvoice.tepukenga.ac.nz,,
E32L3J6DJ7YEF9,d16pmyoqii153i.cloudfront.net,arn:aws:acm:us-east-1:389841910643:certificate/735a3dd1-3066-463a-9ec1-dc6c98b46932,forum.wichita.gov,,
E2LMMJBLMDGHQ0,duwzd4uft9wdd.cloudfront.net,arn:aws:acm:us-east-1:389841910643:certificate/c8f8a70d-46a3-4b08-9364-54b0ad9f10ed,idee.haaltert.be,,
E1FZ6LOUYR3HR0,d1azvmxr87r5g4.cloudfront.net,arn:aws:acm:us-east-1:389841910643:certificate/55454780-3556-46e7-b1a3-3a79798e9fe6,consulta2021.talcaparticipa.cl,,
E7YKXR43N5EPI,d24huge937e4s5.cloudfront.net,arn:aws:acm:us-east-1:389841910643:certificate/833f5d68-0277-468a-bea3-2392fd45bbdd,voresviden.slagelse.dk,,
E2C0WQ41CFK0F5,daqoqr6d1n979.cloudfront.net,arn:aws:acm:us-east-1:389841910643:certificate/54d37bce-63fa-4ba0-945e-cc51f1a00560,engage.westminster.gov.uk,,
EW1C4IW5A8D1D,d22sfwzltn8whs.cloudfront.net,arn:aws:acm:us-east-1:389841910643:certificate/c155b177-3ae5-4072-86cc-5964cc03ff61,tvojgradnovisad.rs,,
E104SD3O4P0S4Q,d23fuewr7wlvvo.cloudfront.net,arn:aws:acm:us-east-1:389841910643:certificate/1c2a597c-3031-4a94-8b9f-65ec7cd511ec,lynetteholm.borgersamling.dk,,
E2JI6STV0GL39R,d1jgbq0628sp12.cloudfront.net,arn:aws:acm:us-east-1:389841910643:certificate/24a7eac1-94ac-4afa-9ceb-7e80541038ee,cheltenhamzero.org,,
E33SH6K3AXWD7Z,d14wraqrloftl9.cloudfront.net,arn:aws:acm:us-east-1:389841910643:certificate/a719f6c3-b823-4c78-90e3-596e521ba507,smicvalcitoyen.fr,,
E398W5FG0Y5QSF,dr0khvdxp7p11.cloudfront.net,arn:aws:acm:us-east-1:389841910643:certificate/6ba26732-ab1a-496d-af3f-a5e2f028af8e,ikdenkmee.gavere.be,,
E13GALYNOMTNMW,d2v9vqk38kdesh.cloudfront.net,arn:aws:acm:us-east-1:389841910643:certificate/27faa77f-4348-4b47-9c00-6e888d4659b3,zemljazanas.rs,,
E2A1BPZIGVHSU7,dhm57mkx9924s.cloudfront.net,arn:aws:acm:us-east-1:389841910643:certificate/211fe88c-55f0-4abb-a9c2-7d27ff650e11,community.denkmee-verenigingsloket.be,,
E31T79NOMV2AHU,d1hfp8b617xqfx.cloudfront.net,arn:aws:acm:us-east-1:389841910643:certificate/3ef28e38-beb1-4f00-9426-eb1461515caf,deltag.holbaek.dk,,
E33L5EWZY56LDI,dnlxqeaaypd1m.cloudfront.net,arn:aws:acm:us-east-1:389841910643:certificate/37607eee-201d-4cd6-9b46-946427860b0a,norristownbuzz.org,,
E21UMX2Q4BXY9Q,d1d9fo5bpsryev.cloudfront.net,arn:aws:acm:us-east-1:389841910643:certificate/67dac2da-a2ce-4c4a-9682-9a906717c716,jaime.franquevillesaintpierre.com,,
E2FVF432IEBMK4,d3ggpjr8so14ye.cloudfront.net,arn:aws:acm:us-east-1:389841910643:certificate/7f0a42ff-8d87-4af1-a780-e77800b0db72,participaconenergia.minenergia.cl,,
E2GSONQZ196XUB,d1z9oyixeciz2v.cloudfront.net,arn:aws:acm:us-east-1:389841910643:certificate/e0e2a809-4b20-4490-a557-ddb1a8a36495,engage.communityfoodnavigator.org,,
E3D0JO36NY1HXO,d3qbzpg88xa0ms.cloudfront.net,arn:aws:acm:us-east-1:389841910643:certificate/3c432140-691a-4825-b8bf-eaffb8c1f1cb,engage.valleyregionaltransit.org,,
E1H2W1SL9F9KJZ,d68ak0dmmfyah.cloudfront.net,arn:aws:acm:us-east-1:389841910643:certificate/22f15626-07fc-42ef-8503-e4e19d77ca75,apply.citizenlab.co,,
EUNZYZXD7NOH3,dlnd4mfu210u8.cloudfront.net,arn:aws:acm:us-east-1:389841910643:certificate/d89f8fad-1f74-4235-abcf-c2cf1ebc3486,jesuiseucolo.org,,
E2AVP5AYGNBQJ0,d1jki2fg8kf2uc.cloudfront.net,arn:aws:acm:us-east-1:389841910643:certificate/c337f3b1-5068-44e3-a8ff-1da4da656a1c,discover.cityofstruthers.com,,
E2LZSNF67ZDRRO,dbiyuft62hqpj.cloudfront.net,arn:aws:acm:us-east-1:389841910643:certificate/bb502e1a-797b-4faa-b835-cb349fc25c95,jeparticipe.ville-bron.fr,,
E3R9II6J3DZXB9,d1gc7z1jw4o31j.cloudfront.net,arn:aws:acm:us-east-1:389841910643:certificate/eaf46b54-8bd4-411a-a407-e6c06cfcbb14,getinvolved.dorsetcouncil.gov.uk,,
E14HRXVIACVCQD,d2kcfsj4q2osh0.cloudfront.net,arn:aws:acm:us-east-1:389841910643:certificate/796439d9-0d4e-48d8-aa8a-7a0c0d12b4b2,jeparticipe.malaunay.fr,,
E32M15XVAHVG0C,d3o7sbuqca1gvv.cloudfront.net,arn:aws:acm:us-east-1:389841910643:certificate/e1e4b65b-e299-4f5b-9a5f-0d74904c8b18,jeparticipe.saint-flour.net,,
E1UV3R9JQ7I2TC,d173e1ud3l7n5s.cloudfront.net,arn:aws:acm:us-east-1:389841910643:certificate/19cceac4-9ddc-4493-8f21-ddf21f47cf4d,mitgestalten.wien.gv.at,,
E1AYEHESQH4R8D,d7jty3vvqgzzw.cloudfront.net,arn:aws:acm:us-east-1:389841910643:certificate/92e7b6d6-7fc0-45fd-b7b7-5c896d51be7f,consultation.troyes.fr,,
E3F1E7Q6ZPB7HA,d2a9obahim814n.cloudfront.net,arn:aws:acm:us-east-1:389841910643:certificate/8ec00952-82bd-43a7-ab17-82ed7814af84,8940spreekt.be,,
E1EOG7RKOLX9QT,d37e3oqddzd9um.cloudfront.net,arn:aws:acm:us-east-1:389841910643:certificate/a6ddea7a-5dec-4fe8-a913-79142dcb79aa,imaginons-annemasse.fr,,
E3KUHXTZETUIJH,d68c6a255d9cb.cloudfront.net,arn:aws:acm:us-east-1:389841910643:certificate/5662ea9b-0675-4af2-89ff-e1cc9c005787,consultation.troyes-champagne-metropole.fr,,
E2HIXC3MNE477J,d24n9342x4sux1.cloudfront.net,arn:aws:acm:us-east-1:389841910643:certificate/3fbc1499-1f34-425d-8520-712ef41b8d3b,samen.stekene.be,,
E1C1EZWMGARCKB,d2wbr00nbtjsh3.cloudfront.net,arn:aws:acm:us-east-1:389841910643:certificate/94d2faf9-4b96-47c4-8d87-715e0ef1fda0,webuild.bethlehem-pa.gov,,
EOP0P6RGCH234,dsec3l45887o7.cloudfront.net,arn:aws:acm:us-east-1:389841910643:certificate/2a4bc67f-2c38-452a-9e5c-9653f90d22e1,speakupafrika.net,,
E2LNFCZRRKODEE,d2as9m61ucizbd.cloudfront.net,arn:aws:acm:us-east-1:389841910643:certificate/4b51ee89-af40-46a0-8298-2269b21b9c41,mitmachen.coburg.de,,
E2I44VUKJKGXG6,d1kwo4vdbh4fst.cloudfront.net,arn:aws:acm:us-east-1:389841910643:certificate/e2293034-8277-491e-a476-69de4a281279,samen.rijswijk.nl,,
E24WIZHPAOIJ7G,d2ncelf3k68pqn.cloudfront.net,arn:aws:acm:us-east-1:389841910643:certificate/9bf32a69-e058-44f1-a8f9-b45631530029,borgerdialog.nyborg.dk,,
E4FFNH8GJ06AP,dd7cpy19u1dir.cloudfront.net,arn:aws:acm:us-east-1:389841910643:certificate/ce14c5ae-c03f-47de-8b69-8e67a19ffdfb,jeparticipe.deville-les-rouen.fr,,
E11SFZEZYIVOAW,d26m07mbhobcsf.cloudfront.net,arn:aws:acm:us-east-1:389841910643:certificate/da9e13bc-a75e-4ef3-af56-1fa47f435f32,twojwasilkow.pl,,
E1423SHJZ9LJUX,d13fyv2l1la8p.cloudfront.net,arn:aws:acm:us-east-1:389841910643:certificate/5401b2ed-13b8-45be-815e-4c2c8c407405,viskaber.nyborg.dk,,
EILZBPV825XO2,d2z2q0a23q5pmg.cloudfront.net,arn:aws:acm:us-east-1:389841910643:certificate/d06235f8-f6d2-4f20-87fc-c2155a9139c3,mijn.maldegem.be,,
ESE6OJXXX8MAH,d20ynnvav30a6j.cloudfront.net,arn:aws:acm:us-east-1:389841910643:certificate/8d17503c-9e00-4453-bf8e-d37d04e1e8bc,participer.cmm.qc.ca,,
E3ESUBQIC05PCG,dc8t7voxtz01w.cloudfront.net,arn:aws:acm:us-east-1:389841910643:certificate/7f26bd23-cc8b-4b8e-8402-6289a3894a27,citizenlab.seattle.gov,,
E3ICT8O25T6O1F,d5kjvkw6szocw.cloudfront.net,arn:aws:acm:us-east-1:389841910643:certificate/a888fe33-b68b-490e-9e54-df62b42b1161,engage.durango.org,,
E3K18JXJ662GD7,d22hfiwgo3zsep.cloudfront.net,arn:aws:acm:us-east-1:389841910643:certificate/5ca9a571-f780-40c4-a7e6-c2a4a7d6f630,mitdenken.smart-rhein-neckar.de,,
E41BZBC186ME9,d3eks67nc54lzh.cloudfront.net,arn:aws:acm:us-east-1:389841910643:certificate/0ad8f5b2-b286-4363-a58f-78fd5b6f9857,participatie.leuven.be,,
E3KBSRNX2U0TTN,d2b3rh8bex47xz.cloudfront.net,arn:aws:acm:us-east-1:389841910643:certificate/80aa71d4-3fef-412b-a1f1-3cc0b1c406ba,engage.oneseattleplan.com,,
E1AUU9KSSALKLE,dcnh39c4o3i5i.cloudfront.net,arn:aws:acm:us-east-1:389841910643:certificate/4bc9551a-456f-4500-9e5c-53ba45bf5fc7,www.madrastna.ma,,"IN,VN,ZM,BD,ID,PK,KH"
E8UJN69UCQJFF,dzslhhg2dc3w9.cloudfront.net,arn:aws:acm:us-east-1:389841910643:certificate/434881c1-9eb0-4559-8d9f-4dab9dac6b5e,sammenom.guldborgsund.dk,,
E3HQRMNKDPXXI2,d3rusdqa6k2x3m.cloudfront.net,arn:aws:acm:us-east-1:389841910643:certificate/92df18d2-2942-45e5-a2cf-2eb36c03a70f,baeredygtigtforbrug.borgersamling.dk,,
E28B5JZTZ2ZEPP,dm7v35so3cq0w.cloudfront.net,arn:aws:acm:us-east-1:389841910643:certificate/67fecdc2-a60d-4032-ade2-6375299cddcc,dialog.bad-duerkheim.de,,
E16CTDOEEDA5BU,d3p2neby5y2397.cloudfront.net,arn:aws:acm:us-east-1:389841910643:certificate/d52979b0-44a2-4967-bbc2-5ea47fa09661,deltag.hvidovre.dk,,
E2VW99Y028VCHP,d1hynhngllye9l.cloudfront.net,arn:aws:acm:us-east-1:389841910643:certificate/9df11659-1aa0-48f7-aeca-c9885d6df956,our.biddefordmaine.org,,
E3JMJY5O57SI93,d1clp8tjwvo7fi.cloudfront.net,arn:aws:acm:us-east-1:389841910643:certificate/40b183d1-a6d2-4b46-9622-ab66d0384535,tourismusstrategie-brandenburg.de,,
E21ZKU1WOI5J0K,d16wyruzc53zgh.cloudfront.net,arn:aws:acm:us-east-1:389841910643:certificate/7b34a637-4349-449e-bcce-3caa39b46586,consultation.esterelcotedazur-agglo.fr,,
EOL9AOSXHF49I,d15093te964pq0.cloudfront.net,arn:aws:acm:us-east-1:389841910643:certificate/2b7c6358-6b39-4b46-9d8a-93b5608f7d90,jeparticipe.soumagne.be,,
EB7E9XV4YDD7,d1ggzeg6dnrj3y.cloudfront.net,arn:aws:acm:us-east-1:389841910643:certificate/cdaf6c00-3e3f-4496-9d90-f1973605fad0,lab.pnud.org.pe,,
E1N9FNWMCTOCTK,d2j1lza2nryi7j.cloudfront.net,arn:aws:acm:us-east-1:389841910643:certificate/175c8f61-81ba-4737-801b-a3e0bcb88d0c,yourvoice.thanet.gov.uk,,
E1H6MDE4JHASIL,d3rwi68r4rjwna.cloudfront.net,arn:aws:acm:us-east-1:389841910643:certificate/95c5f95c-4a14-4cc7-ac48-6d279cfdd265,stadtgestalten.duesseldorf-marketing.de,,
EOTTMR6QZ7WC1,d3hsd1iv7wvgqx.cloudfront.net,arn:aws:acm:us-east-1:389841910643:certificate/cdb19c54-18de-43c3-a052-c3ae33a4c852,participa.laregionqueimaginas.cl,,
E3MZFDQMB04X11,d3lgcbu8lkczyy.cloudfront.net,arn:aws:acm:us-east-1:389841910643:certificate/9a33568f-6b24-4bc7-a250-eb76b792d3e5,debatenuevaconstitucion.cl,,
E3UYSYHNARJXJT,d25zg0kyovduv4.cloudfront.net,arn:aws:acm:us-east-1:389841910643:certificate/69750dea-942d-4f39-ae05-610478a91f19,engage.rexburg.org,,
E3V71OTS2KOS2E,d31h6h3jok5jwh.cloudfront.net,arn:aws:acm:us-east-1:389841910643:certificate/8d75f7ef-c272-44e2-a6c7-441f25209427,participa.mpudahuel.cl,,
E19TWH2OFJ0TMA,dxe67by2e90pv.cloudfront.net,arn:aws:acm:us-east-1:389841910643:certificate/602afe23-f50d-4eda-9598-6e0412323ea8,overvechtcentrum.nl,,
E1T0W4ZO4B6JXZ,dkvnnu0oj7iq7.cloudfront.net,arn:aws:acm:us-east-1:389841910643:certificate/b36427b0-db63-47d7-bc33-136f7d9b96df,publicoescazu.cepal.org,,
E3V7SQQRRDCR0H,de15ro182kno6.cloudfront.net,arn:aws:acm:us-east-1:389841910643:certificate/cb73b715-56cb-4eda-b7e3-7ae1e9f48beb,engage.cambridge.gov.uk,,
E2VAH6D5YX8F8H,d1j4oxnuldp5gu.cloudfront.net,arn:aws:acm:us-east-1:389841910643:certificate/557cefb8-0e53-4669-b054-f5b67c4c971a,participa.santiago2050.cl,,
ENTA5FP8MQL4H,dnq3fwu2etdhb.cloudfront.net,arn:aws:acm:us-east-1:389841910643:certificate/dc0967ed-8d73-445d-8d41-aead1956a4db,engage.chillicotheoh.gov,,
EBM7NCXBAIB1P,d85gbphjyrt5s.cloudfront.net,arn:aws:acm:us-east-1:389841910643:certificate/ba35ac71-5f6c-4004-8c53-5eb17498eed3,borgerinddragelse.halsnaes.dk,,
E3GQ2MGMLCBC4F,d24p8etjfee9w4.cloudfront.net,arn:aws:acm:us-east-1:389841910643:certificate/9e728b3e-6bc3-4eed-b135-5515abdb24c7,denkmee.maassluis.nl,,
E2FW67TDHWHA9L,d2jq24obvifdhx.cloudfront.net,arn:aws:acm:us-east-1:389841910643:certificate/05d94c1e-0887-454c-8cc1-f49ffc932108,hellohyattsville.com,,
E24P3D3H7AV5F6,d1biiu9elt9re.cloudfront.net,arn:aws:acm:us-east-1:389841910643:certificate/efc249d1-fbee-441b-80e8-3bda6ed55bcf,onlinedorpsgesprek.ermelo.nl,,
E29TG6KKFUV4SE,d26m5h7fz2z5ee.cloudfront.net,arn:aws:acm:us-east-1:389841910643:certificate/d6932f76-0420-47b8-9134-dc59cb34a9fe,doemee.vlissingen.nl,,
E55KRSDPAF4NZ,df5tbs8cvxm9x.cloudfront.net,arn:aws:acm:us-east-1:389841910643:certificate/3b89d82d-3a8a-4e80-bcc8-574daca1a391,iheartmac.org,,
E3J4XSH09K6TAT,d2htifibrfsboc.cloudfront.net,arn:aws:acm:us-east-1:389841910643:certificate/db476880-af1d-423e-a049-317222cb4669,envisionnorwich360.com,,
E3LOZRI2KYOSXB,d66vwf5u87i1t.cloudfront.net,arn:aws:acm:us-east-1:389841910643:certificate/c5d69492-2a9c-4b49-b999-fb67fd795b69,antucoyaparticipa.cl,,
E28P8VW0QHUSNN,d2shhlnn9hxl7.cloudfront.net,arn:aws:acm:us-east-1:389841910643:certificate/b151a1a8-5738-4b7b-9e92-1a1528ecb62e,vores.lejre.dk,,
E2WFNJBYBLYOBY,dne6dupczqnpx.cloudfront.net,arn:aws:acm:us-east-1:389841910643:certificate/aa65ef0d-4243-4a2d-840e-20eaa753da12,centinelaparticipa.cl,,
E252583GF75CLT,d39iligjknnv3m.cloudfront.net,arn:aws:acm:us-east-1:389841910643:certificate/7eb631d3-6dcc-4427-a41c-1799f09bca9e,engage.alleghenycounty.us,,
E30FTWZESNN6S3,d1ds5acnu26i3h.cloudfront.net,arn:aws:acm:us-east-1:389841910643:certificate/5c5d96e3-5531-4148-89a7-3ef9d7af2202,jeparticipe.ajaccio.corsica,,
E16MT7A17885I5,d94xdz7xlehvu.cloudfront.net,arn:aws:acm:us-east-1:389841910643:certificate/a4ee53d6-d06d-4ee1-abca-2f4ab140c2ef,denkmee.sint-truiden.be,,
E3J4345X851BRN,d1trybtps5z2bo.cloudfront.net,arn:aws:acm:us-east-1:389841910643:certificate/bfb8f630-581d-434d-9635-f261671d7f62,participacion.digital.gob.cl,,
E30ORZ5BK0BFJB,d1qq3qtjfdnj7k.cloudfront.net,arn:aws:acm:us-east-1:389841910643:certificate/7a753fd5-0dea-44fd-a540-850520b67f49,engage.cityoflancasterpa.gov,,"IN,VN,ZM,BD,ID,PK,KH"
E2067F2YDC6P3V,d3b10x7o6fmm3b.cloudfront.net,arn:aws:acm:us-east-1:389841910643:certificate/6ceca03c-2cdc-4c42-9e28-3788699234c5,hello.monroeohio.org,,
E3SJ0EAPJBTYZ7,dmw6g6xbs0jjs.cloudfront.net,arn:aws:acm:us-east-1:389841910643:certificate/60f68ae0-76b2-46de-95da-cdc836149754,iesaisties.riga.lv,,
E23QLRGGKWM7KU,d1penq44posizy.cloudfront.net,arn:aws:acm:us-east-1:389841910643:certificate/f89615e5-6f7f-4b55-bbf3-40b73a584f67,torontocentreprojects.ca,,
E3KYYX8U989E0S,d3537qwoc8fh9s.cloudfront.net,arn:aws:acm:us-east-1:389841910643:certificate/19e61b5a-9e40-4d30-9d82-1a075c52db5b,denkmee.woerden.nl,,
E15DF24KOGUPYQ,d3e8li6f463vx2.cloudfront.net,arn:aws:acm:us-east-1:389841910643:certificate/c7c8fbad-1052-48a3-8919-c930df84993b,hesselager.svendborg.dk,,"IN,VN,ZM,BD,ID,PK,KH"
EP3WFDS0FOS0Q,d1hesahtrmik50.cloudfront.net,arn:aws:acm:us-east-1:389841910643:certificate/8c60abd6-5a95-4e00-a20b-61e2f171415f,borgerlab.vejle.dk,,"IN,VN,ZM,BD,ID,PK,KH"
E3KE8A5DRA5LAJ,dk7grvpr4e8r8.cloudfront.net,arn:aws:acm:us-east-1:389841910643:certificate/148c91cf-bef3-4ec7-afd2-8d38cb834b0d,hillerod.citizenlab.co,,"IN,VN,ZM,BD,ID,PK,KH"
E382DBAOIAKAJM,d2g3murto32zy6.cloudfront.net,arn:aws:acm:us-east-1:389841910643:certificate/d4862b5c-c860-4ac0-9298-42bf3dbaf380,cqc.citizenlab.co,,"IN,VN,ZM,BD,ID,PK,KH"
EYMAHZVRENMC2,d1tq4ogiq192kg.cloudfront.net,arn:aws:acm:us-east-1:389841910643:certificate/0b4d2c7c-9375-44c5-a003-a3b0d302fee6,girlsrights.citizenlab.co,,"IN,VN,ZM,BD,ID,PK,KH"
E368EVXPLQA8W6,d1ssq4b9tpb3n8.cloudfront.net,arn:aws:acm:us-east-1:389841910643:certificate/0b4d2c7c-9375-44c5-a003-a3b0d302fee6,digitalrd.citizenlab.co,,"IN,VN,ZM,BD,ID,PK,KH"
E1JIB07S3ZR881,dabj48cg7dyee.cloudfront.net,arn:aws:acm:us-east-1:389841910643:certificate/f379d999-55cc-4114-b338-785a59c24143,onwardchickasha.org,,
EVJKGZLG6W3G9,d1zx4ixywongyj.cloudfront.net,arn:aws:acm:us-east-1:389841910643:certificate/1184e538-259b-4b18-80f2-e7585fcae651,participa.lareina.cl,,
EW8XV0EBAWZ4E,d3w4yrkxqwe32d.cloudfront.net,arn:aws:acm:us-east-1:389841910643:certificate/8577b90c-7f84-4e07-925d-7b8ce8bbb247,engage.hellamtownship.com,,
EU7B1E0BYMAR1,d1jyro67i3wbwk.cloudfront.net,arn:aws:acm:us-east-1:389841910643:certificate/c1ee67b7-c30f-4bda-84c7-97ee1d936582,doemee.beverwijk.nl,,
EMDR8JEU0ZZPN,dwyw0rd7qa6l5.cloudfront.net,arn:aws:acm:us-east-1:389841910643:certificate/57333f3d-4931-43e2-a606-3037d57aeb5c,denkmee.beverwijk.nl,,
E1GXKWWZ0KBS1P,d1o5jp5tcvma7f.cloudfront.net,arn:aws:acm:us-east-1:389841910643:certificate/120cdf6e-6e6f-4e02-a820-bf70be524098,borgerforum.regionh.dk,,
E7L7KL4OSWI6N,d2xsm4qqzt5syi.cloudfront.net,arn:aws:acm:us-east-1:389841910643:certificate/7250229e-1727-4e59-a484-78c7ed0cbd68,"simon-test-can.citizenlab.co,vancouver.citizenlab.co,ottawa-demo.citizenlab.co,aem-goldex.citizenlab.co,cat.citizenlab.co,simon-launch-en-canada.citizenlab.co,progressivenation-demo.citizenlab.co,northea.citizenlab.co,bowenisland.citizenlab.co,albertaparty.citizenlab.co,acosys-demo.citizenlab.co,concordia-university.citizenlab.co,slrd-trial.citizenlab.co,simon-global-canada.citizenlab.co,montreal-demo.citizenlab.co,surrey.citizenlab.co,simon-test-canada.citizenlab.co,saanich.citizenlab.co,toronto-ward-18.citizenlab.co",,
E2PF4TGJSP2IG3,d1ixsqnir0oe5q.cloudfront.net,arn:aws:acm:us-east-1:389841910643:certificate/6f749409-9bb9-4ba0-9946-737da0d861fd,rebuildtherec.org,,
EFKBP1AOFBAUU,d2riwohscnzdc1.cloudfront.net,arn:aws:acm:us-east-1:389841910643:certificate/7fa2f57d-1656-4ecb-b75d-17a6e4110e6f,engageonenorthsidepgh.org,,
EMVGWULX8N4I,d1jba7om48yxkw.cloudfront.net,arn:aws:acm:us-east-1:389841910643:certificate/e1749933-d519-48e8-ae5b-942dcd924688,straatvandetoekomst.spaarnelanden.nl,,
E36OVY0EN38RPR,d1koq26yq52he9.cloudfront.net,arn:aws:acm:us-east-1:389841910643:certificate/4cbda4b8-ef01-45c1-ac0e-abb67d03dbc5,gemeinsam.eins.de,,
E23NE3HVCFKZKY,dtjog21ufpamj.cloudfront.net,arn:aws:acm:us-east-1:389841910643:certificate/8c97bd49-0c02-43b7-80f2-ed7910b84f8d,plan.providenceri.gov,,
EJNOP35PKG900,d1x3l63sef6tk9.cloudfront.net,arn:aws:acm:us-east-1:389841910643:certificate/e7ca331c-1fd9-49f3-8f7c-b2698cf57320,my.cityofplattsburgh-ny.gov,,
E5IZAYBV2QLKB,dg100bgdudgyl.cloudfront.net,arn:aws:acm:us-east-1:389841910643:certificate/2745967d-e205-44e2-bf68-d636fcf47fb7,mitgestalten.wetzlar.de,,
EI7A42B2G7M49,dm9i6mo2ei8ea.cloudfront.net,arn:aws:acm:us-east-1:389841910643:certificate/ea15629c-8738-47d4-b1db-f3cd50153902,participa.muniarica.cl,,
E14CBR7IKWMNTI,derybhqdqu8dm.cloudfront.net,arn:aws:acm:us-east-1:389841910643:certificate/936a82bf-bdaf-4d65-b53a-2cc3db69e765,participa.acciona-energia.com,,
E1EN84EXNEDPV4,dx1f0ugyb3ck2.cloudfront.net,arn:aws:acm:us-east-1:389841910643:certificate/36726073-7e73-4bcd-8170-fbb59de2c76c,solsiden.solrod.dk,,
E1Q2M5EDFPM2CY,d2fauxhiicrgpb.cloudfront.net,arn:aws:acm:us-east-1:389841910643:certificate/c05fe897-9a6e-4b83-a1e7-67ddeb5a8cdf,doemee.gulpen-wittem.nl,,
E3HOK1JGTSB1IQ,d3093phbku2zyo.cloudfront.net,arn:aws:acm:us-east-1:389841910643:certificate/afacba7c-4f55-46bf-bee8-7ab04ef72154,buildharriscountyso.com,,
E3UCMU53JZG4XZ,d2ug60s5susr2t.cloudfront.net,arn:aws:acm:us-east-1:389841910643:certificate/2dbea79f-9245-4570-8245-6ffd2a8535f0,elburg-spreekt.nl,,
E1XGA0NW32P03C,dcoitg34naygg.cloudfront.net,arn:aws:acm:us-east-1:389841910643:certificate/c512a599-03f8-4c70-bc32-8ff18ca52e1e,engage.cityofallen.org,,
E2T03M4XSU385F,d3ur96wmaxtdyg.cloudfront.net,arn:aws:acm:us-east-1:389841910643:certificate/02f6cf14-76f3-4f26-9142-ef79652d3244,engage.oakleyca.gov,,
EGY5WLP4SV98R,d1vlf297maha8o.cloudfront.net,arn:aws:acm:us-east-1:389841910643:certificate/5fbe910a-1e54-43b9-867a-12883b4d11d9,participa.minmineria.gob.cl,,
EX2TH2EVURG1J,d176ohtdgwj85b.cloudfront.net,arn:aws:acm:us-east-1:389841910643:certificate/37fcde16-0eba-424f-af5f-f2f2b044f46d,engage.seattleparksandrec.com,,
E3JLXT7QJ60ZJL,d3q637uqe8g8je.cloudfront.net,arn:aws:acm:us-east-1:389841910643:certificate/85314532-e8c3-485d-8d86-2734e9379704,klimaforum.fredensborg.dk,,
E253O84DM4ZW40,dwv2ubxrny00b.cloudfront.net,arn:aws:acm:us-east-1:389841910643:certificate/10b378c3-cbab-4646-8ae2-3232a50668ad,gelecekhatay.org,,
E3K7HI8SNDJ8Q8,d32r0u4bmyt8sq.cloudfront.net,arn:aws:acm:us-east-1:389841910643:certificate/539777cf-fe73-4055-aaec-2bef9c595061,engagebothell.com,,
EG6J5RPIQGRLZ,d2z45pdupgbnci.cloudfront.net,arn:aws:acm:us-east-1:389841910643:certificate/57921365-de09-42e5-ba2a-087a3fffd67c,hatayplanlamamerkezi.com,,
E39IT9K15M576,d3ka4lbv39yshk.cloudfront.net,arn:aws:acm:us-east-1:389841910643:certificate/a6571011-b6f0-4b8c-82f6-e1f69fe7d0ad,vinadecide.cl,,
EQB1R4T0COWGA,d3mie6xxl8z5tn.cloudfront.net,arn:aws:acm:us-east-1:389841910643:certificate/d0b4493a-1bb3-4140-92e9-24ff12a4650b,yourvoice.westoxon.gov.uk,,
EM6GDE6Z2KAFM,d37om2jfmi88u.cloudfront.net,arn:aws:acm:us-east-1:389841910643:certificate/47cd9388-b365-41ae-b5a2-d03e157ea671,participez.grand-cubzaguais.fr,,
ETEP84P3G4U2Q,d347ght6lh57rc.cloudfront.net,arn:aws:acm:us-east-1:389841910643:certificate/14efc5a1-ca0e-4504-b5cb-e915f5cff9ab,kobenhavntaler.kk.dk,,
E4TTB4G1DEK6V,d2a0q7w49rqb20.cloudfront.net,arn:aws:acm:us-east-1:389841910643:certificate/ac549868-0378-4c0a-aabb-266bc3f17e19,participate.wigan.gov.uk,,
E2G6TVBFGQO4XE,d7b5giuyafsch.cloudfront.net,arn:aws:acm:us-east-1:389841910643:certificate/fa10924f-21be-4cf6-baf8-03aeff8a2c99,engage.hggt.co.uk,,
E3850BJP3CPZEI,d20w4bgfu9bsyf.cloudfront.net,arn:aws:acm:us-east-1:389841910643:certificate/b9dece1c-00f4-4dfd-9a54-7c072edc29fa,sudjeluj.cakovec.hr,,
E2PI0S4BN3D47L,d3g4csbwsfr7v2.cloudfront.net,arn:aws:acm:us-east-1:389841910643:certificate/69e14a48-9333-45b5-9bd5-9101c2005694,otto-beteiligt.de,,
EFGYRJGGRZP8I,d1yy4pqzowtivz.cloudfront.net,arn:aws:acm:us-east-1:389841910643:certificate/e7975027-1140-4798-8e11-11dfc82bea3c,denkmee.pijnacker-nootdorp.nl,,
E2BYVLBEDFFG,d1p2fdti3igg8h.cloudfront.net,arn:aws:acm:us-east-1:389841910643:certificate/99f1aaf8-ccc0-4db0-886a-7c40929b41a4,cushingforward.com,,
EJEMN4MV21YZO,d2gny7j9iwqopt.cloudfront.net,arn:aws:acm:us-east-1:389841910643:certificate/d7435063-9165-43be-9647-7d60deb4207d,projectpubliek.bilzen.be,,
E26EH4BM8RQU3F,d1stxwhuovfye8.cloudfront.net,arn:aws:acm:us-east-1:389841910643:certificate/d8962ca1-16ad-48cd-8b84-96932c29e19a,braintrust.itinera.team,,
E29SYANBIF4UKO,d3olumwwpovu3u.cloudfront.net,arn:aws:acm:us-east-1:389841910643:certificate/60990131-05f9-48ea-bd52-822313a18116,participateplus.falkirk.gov.uk,,
E2PP5K5AO9Z00E,d117nbatrgj8gu.cloudfront.net,arn:aws:acm:us-east-1:389841910643:certificate/0d13a4d7-092d-4043-b464-02f6f5f36436,shaping.salford.gov.uk,,
E1SHYA7Q4OEC2A,d3e7oidn02vxre.cloudfront.net,arn:aws:acm:us-east-1:389841910643:certificate/0e10ac94-42f2-4d73-b77b-2652036034df,bouwmeeaanbeernem.be,,
ENLTVTI6FU2P5,d3fkywi913fwvf.cloudfront.net,arn:aws:acm:us-east-1:389841910643:certificate/8c1614fc-6841-4aab-9ab3-560da8604e24,leeuwdenktmee.be,,
E32XOGTNJAWIGV,d5a7x0xgx5tnx.cloudfront.net,arn:aws:acm:us-east-1:389841910643:certificate/fbc4e4ae-8bdf-4fec-a5b0-08a4709869f7,praatmee.goeree-overflakkee.nl,,
E10PPLXEW0ICNW,d3c5z5483enjdu.cloudfront.net,arn:aws:acm:us-east-1:389841910643:certificate/c4da0074-8b65-4a6e-bc6d-2aba6c79e320,budgetparticipatif.gembloux.be,,
E20RU81NIA59MF,d1p95w4etfzmra.cloudfront.net,arn:aws:acm:us-east-1:389841910643:certificate/bab648c1-47c8-405c-acdc-928d5990d907,ciudadaniaensalud.org,,
E5UWHHUSLZORH,dv8c7v48wj3pb.cloudfront.net,arn:aws:acm:us-east-1:389841910643:certificate/f982cbc1-80ee-4a3b-86c2-9a3693360a80,doemee.veere.nl,,
EEAFW37LVICTJ,d2ycoeoz2fz3c9.cloudfront.net,arn:aws:acm:us-east-1:389841910643:certificate/1356cb42-73ca-40a6-abd6-957f875175ad,your.cotswold.gov.uk,,
E2J5YMZQ39NEWY,d1ilkwbnamsv3j.cloudfront.net,arn:aws:acm:us-east-1:389841910643:certificate/148c91cf-bef3-4ec7-afd2-8d38cb834b0d,texel.citizenlab.co,,
EZHHTWW2G2CO8,d1f1ccroxwbf00.cloudfront.net,arn:aws:acm:us-east-1:389841910643:certificate/213f8c3e-450d-472e-be3c-07ec65963783,texelspreekt.nl,,
E3AATD28YZFIB9,doynkx26rttz8.cloudfront.net,arn:aws:acm:us-east-1:389841910643:certificate/1702b825-c27a-44a7-b3dd-2d08860bbcd7,seimitdabei.lkgi.de,,
E1DG5GAXGTHBLT,d20xzi2etdbyfa.cloudfront.net,arn:aws:acm:us-east-1:389841910643:certificate/43a5cc09-de23-4a4c-8f06-485e58d2289c,participez.sceaux.fr,,
E25GI5JZ75L3LL,d2vbbjd9abnhv9.cloudfront.net,arn:aws:acm:us-east-1:389841910643:certificate/12c82dfa-d185-4e19-ae4f-c3a8611d8204,heistdenktmee.be,,
E11RH4RTZRDPGG,dzekmrwyl2adj.cloudfront.net,arn:aws:acm:us-east-1:389841910643:certificate/a37e1e67-a497-4ac0-a713-3f4206686a98,denkmee.noord-beveland.nl,,