uid,type,blocked,email,name,nickname,locale,admin,roles,personal_url,about,avatar,extended_data,notification_settings,direct_message_types,created_at,updated_at,confirmed_at,unconfirmed_email,deleted_at,delete_reason
decidim-user-1,Decidim::User,false,admin@example.org,Kallie Powlowski,eusebio,en,true,[],http://rohan-renner.example/jimmy,Distinctio sit cum. Unde voluptas eveniet.,http://localhost/rails/active_storage/blobs/redirect/eyJfcmFpbHMiOnsibWVzc2FnZSI6IkJBaHBCZz09IiwiZXhwIjpudWxsLCJwdXIiOiJibG9iX2lkIn19--bd23e556c907f9cbacd5ad7649c24a238722ff87/094.jpg,"{""gender"":""other"",""phone_number"":""+33124124124""}",{},all,2026-03-19 12:34:30 UTC,2026-05-27 14:30:29 UTC,2026-03-19 12:34:30 UTC,,,
decidim-user-2,Decidim::User,false,user@example.org,Gertrudis Wintheiser,roxana_bergstrom,en,,[],http://howell.example/rochell,Aut reiciendis dolores. Et facilis deleniti.,http://localhost/rails/active_storage/blobs/redirect/eyJfcmFpbHMiOnsibWVzc2FnZSI6IkJBaHBCdz09IiwiZXhwIjpudWxsLCJwdXIiOiJibG9iX2lkIn19--82e2d075e62cb03678baa5dc650ed29a1e62e8cd/011.jpg,{},{},all,2026-03-19 12:34:31 UTC,2026-03-19 12:34:31 UTC,2026-03-19 12:34:31 UTC,,,
decidim-user-3,Decidim::User,false,user2@example.org,Khalilah Kohler DVM,delores_carter,en,,[],http://friesen.example/floyd,Unde et quia. Nostrum inventore molestiae.,http://localhost/rails/active_storage/blobs/redirect/eyJfcmFpbHMiOnsibWVzc2FnZSI6IkJBaHBDQT09IiwiZXhwIjpudWxsLCJwdXIiOiJibG9iX2lkIn19--3d07f5aeb088b411755d0e7a6729a419e8e1774d/081.jpg,{},{},all,2026-03-19 12:34:32 UTC,2026-03-19 12:34:32 UTC,2026-03-19 12:34:31 UTC,,,
decidim-user-4,Decidim::User,false,locked_user@example.org,Msgr. Awilda Abshire,aldo,en,,[],http://hayes.example/saturnina,Accusamus consequatur aut. Modi qui sit.,http://localhost/rails/active_storage/blobs/redirect/eyJfcmFpbHMiOnsibWVzc2FnZSI6IkJBaHBDUT09IiwiZXhwIjpudWxsLCJwdXIiOiJibG9iX2lkIn19--7ca0a00dbbe97e8495472b3bc56823d2c2061a18/038.jpg,{},{},all,2026-03-19 12:34:32 UTC,2026-03-19 12:34:33 UTC,2026-03-19 12:34:32 UTC,,,
decidim-user-13,Decidim::User,false,participatory_process_1_admin@example.org,Rusty Murazik,fabiola_langworth,en,,[],http://daniel.test/colin,Quod ipsam accusantium. Quos ullam voluptatem.,http://localhost/rails/active_storage/blobs/redirect/eyJfcmFpbHMiOnsibWVzc2FnZSI6IkJBaHBEQT09IiwiZXhwIjpudWxsLCJwdXIiOiJibG9iX2lkIn19--5eac4816bb84e3afc2f924087b876cc2f7253b8e/053.jpg,{},{},all,2026-03-19 12:34:38 UTC,2026-03-19 12:34:38 UTC,2026-03-19 12:34:38 UTC,,,
decidim-user-14,Decidim::User,false,participatory_process_1_collaborator@example.org,Gaye White,minna_bahringer,en,,[],http://leffler-feil.example/jack,Est et eum. Est officiis repellat.,http://localhost/rails/active_storage/blobs/redirect/eyJfcmFpbHMiOnsibWVzc2FnZSI6IkJBaHBEUT09IiwiZXhwIjpudWxsLCJwdXIiOiJibG9iX2lkIn19--3efe16c9e3ca71a5c968db5f73ac596f5820789b/039.jpg,{},{},all,2026-03-19 12:34:39 UTC,2026-03-19 12:34:39 UTC,2026-03-19 12:34:38 UTC,,,
decidim-user-15,Decidim::User,false,participatory_process_1_moderator@example.org,Colin Kirlin,monika,en,,[],http://hansen.example/gertha,Facilis voluptas expedita. Deleniti repudiandae ipsa.,http://localhost/rails/active_storage/blobs/redirect/eyJfcmFpbHMiOnsibWVzc2FnZSI6IkJBaHBEZz09IiwiZXhwIjpudWxsLCJwdXIiOiJibG9iX2lkIn19--280e9252fe490e3f6099994086c209d20e438157/098.jpg,{},{},all,2026-03-19 12:34:39 UTC,2026-03-19 12:34:39 UTC,2026-03-19 12:34:39 UTC,,,
decidim-user-16,Decidim::User,false,participatory_process_1_valuator@example.org,Kandra Schroeder,heidy,en,,[],http://gerlach.test/gregorio_morar,Reiciendis ut voluptatem. Provident enim odio.,http://localhost/rails/active_storage/blobs/redirect/eyJfcmFpbHMiOnsibWVzc2FnZSI6IkJBaHBEdz09IiwiZXhwIjpudWxsLCJwdXIiOiJibG9iX2lkIn19--731028f4a3cf0e432597d1136194ca46cf690504/072.jpg,{},{},all,2026-03-19 12:34:40 UTC,2026-03-19 12:34:40 UTC,2026-03-19 12:34:39 UTC,,,
decidim-user-17,Decidim::User,false,meeting-registered-user-4-045f1fba@example.org,Eliseo Mueller,del,en,,[],http://howell.example/daniel,Magnam tempore voluptatem. Debitis aliquam animi.,http://localhost/rails/active_storage/blobs/redirect/eyJfcmFpbHMiOnsibWVzc2FnZSI6IkJBaHBKUT09IiwiZXhwIjpudWxsLCJwdXIiOiJibG9iX2lkIn19--afd83829a584bc22a90236218679f7f238984192/006.jpg,{},{},all,2026-03-19 12:41:09 UTC,2026-03-19 12:41:09 UTC,2026-03-19 12:41:09 UTC,,,
decidim-user-18,Decidim::User,false,meeting-registered-user-4-c6cec6fd@example.org,Fran Ruecker,renaldo,en,,[],http://barton-koss.test/stanford_dietrich,Inventore beatae ea. Necessitatibus quia qui.,http://localhost/rails/active_storage/blobs/redirect/eyJfcmFpbHMiOnsibWVzc2FnZSI6IkJBaHBKZz09IiwiZXhwIjpudWxsLCJwdXIiOiJibG9iX2lkIn19--4ee2887d2e7890fd81ea1fd6596680398b47937d/008.jpg,{},{},all,2026-03-19 12:41:10 UTC,2026-03-19 12:41:10 UTC,2026-03-19 12:41:10 UTC,,,
decidim-user-19,Decidim::User,false,meeting-registered-user-8-cf46951b@example.org,Patricia Koelpin,marguerite,en,,[],http://feeney.example/mayra.becker,Quas id commodi. Voluptate eaque dolore.,http://localhost/rails/active_storage/blobs/redirect/eyJfcmFpbHMiOnsibWVzc2FnZSI6IkJBaHBLZz09IiwiZXhwIjpudWxsLCJwdXIiOiJibG9iX2lkIn19--e829dbf308aa5ca1ac00f286a1d1b0c7f99ea1ca/027.jpg,{},{},all,2026-03-19 12:42:16 UTC,2026-03-19 12:42:16 UTC,2026-03-19 12:42:16 UTC,,,
decidim-user-20,Decidim::User,false,meeting-registered-user-8-1c4be93e@example.org,Carrol Maggio,iona,en,,[],http://daugherty.example/jacquelyn.hammes,Id perferendis ratione. Sed deserunt ab.,http://localhost/rails/active_storage/blobs/redirect/eyJfcmFpbHMiOnsibWVzc2FnZSI6IkJBaHBLdz09IiwiZXhwIjpudWxsLCJwdXIiOiJibG9iX2lkIn19--26bd2dc4fff03339022a7cca8f1aea799fd5c81b/050.jpg,{},{},all,2026-03-19 12:42:16 UTC,2026-03-19 12:42:16 UTC,2026-03-19 12:42:16 UTC,,,
decidim-user-21,Decidim::User,false,amendment-author-participatory_process-1-8b706cfe@example.org,Fr. Amira Oberbrunner,sunny_goyette,en,,[],http://padberg.test/lynnette.mitchell,Est voluptatem quo. Sunt commodi rerum.,http://localhost/rails/active_storage/blobs/redirect/eyJfcmFpbHMiOnsibWVzc2FnZSI6IkJBaHBMdz09IiwiZXhwIjpudWxsLCJwdXIiOiJibG9iX2lkIn19--e35301a69f2caa6b05f8497481d50805349daeee/040.jpg,{},{},all,2026-03-19 12:43:34 UTC,2026-03-19 12:43:34 UTC,2026-03-19 12:43:34 UTC,,,
decidim-user-23,Decidim::User,false,vote-author-participatory_process-1-9d6a92ec@example.org,Valentina Hilpert,giovanna,en,,[],http://blanda.example/bret,Ad facilis tempore. Magnam tenetur id.,http://localhost/rails/active_storage/blobs/redirect/eyJfcmFpbHMiOnsibWVzc2FnZSI6IkJBaHBNQT09IiwiZXhwIjpudWxsLCJwdXIiOiJibG9iX2lkIn19--4d108db0e433420ed8ad22a83f8531aa6c9ed30b/060.jpg,{},{},all,2026-03-19 12:43:35 UTC,2026-03-19 12:43:35 UTC,2026-03-19 12:43:35 UTC,,,
decidim-user-24,Decidim::User,false,amendment-author-participatory_process-1-fb2109de@example.org,Benjamin Ullrich LLD,suk_bernier,en,,[],http://ebert.test/charise,Nam quaerat sequi. Et voluptas perspiciatis.,http://localhost/rails/active_storage/blobs/redirect/eyJfcmFpbHMiOnsibWVzc2FnZSI6IkJBaHBNUT09IiwiZXhwIjpudWxsLCJwdXIiOiJibG9iX2lkIn19--fd35a2e5fd3535e77595d16244fc80843fbbe7d9/063.jpg,{},{},all,2026-03-19 12:43:57 UTC,2026-03-19 12:43:57 UTC,2026-03-19 12:43:56 UTC,,,
decidim-user-26,Decidim::User,false,vote-author-participatory_process-1-0b03e997@example.org,Clark Moen Esq.,kirsten,en,,[],http://padberg.example/ed,Deserunt voluptates ipsam. Cumque maiores a.,http://localhost/rails/active_storage/blobs/redirect/eyJfcmFpbHMiOnsibWVzc2FnZSI6IkJBaHBNZz09IiwiZXhwIjpudWxsLCJwdXIiOiJibG9iX2lkIn19--0ad488572594cf793685ba3c61eddd3f88155b65/036.jpg,{},{},all,2026-03-19 12:43:57 UTC,2026-03-19 12:43:57 UTC,2026-03-19 12:43:57 UTC,,,
decidim-user-27,Decidim::User,false,vote-author-participatory_process-1-3afbb6bd@example.org,Devora Orn,shannan,en,,[],http://white.example/broderick.wintheiser,Modi consectetur voluptas. Dolorem similique sapiente.,http://localhost/rails/active_storage/blobs/redirect/eyJfcmFpbHMiOnsibWVzc2FnZSI6IkJBaHBNdz09IiwiZXhwIjpudWxsLCJwdXIiOiJibG9iX2lkIn19--5063ad991912408bcf91920c1629a8a54c8e60aa/013.jpg,{},{},all,2026-03-19 12:43:58 UTC,2026-03-19 12:43:58 UTC,2026-03-19 12:43:58 UTC,,,
decidim-user-28,Decidim::User,false,vote-author-participatory_process-1-7404a03c@example.org,Rhett Pollich DVM,ezekiel,en,,[],http://robel-auer.example/adela,Eum quam quo. Aperiam aliquid cumque.,http://localhost/rails/active_storage/blobs/redirect/eyJfcmFpbHMiOnsibWVzc2FnZSI6IkJBaHBOQT09IiwiZXhwIjpudWxsLCJwdXIiOiJibG9iX2lkIn19--1e87223648df07eea3865698e6cc677519ce1e8d/086.jpg,{},{},all,2026-03-19 12:44:24 UTC,2026-03-19 12:44:24 UTC,2026-03-19 12:44:24 UTC,,,
decidim-user-29,Decidim::User,false,participatory_process_2_admin@example.org,Freddy Orn,clara_marquardt,en,,[],http://keebler-pollich.example/earle,Ut sed nemo. Omnis pariatur distinctio.,http://localhost/rails/active_storage/blobs/redirect/eyJfcmFpbHMiOnsibWVzc2FnZSI6IkJBaHBOZz09IiwiZXhwIjpudWxsLCJwdXIiOiJibG9iX2lkIn19--aaebb81d393006eba6825c0901166fa5881c9337/004.jpg,{},{},all,2026-03-19 12:44:34 UTC,2026-03-19 12:44:34 UTC,2026-03-19 12:44:34 UTC,,,
decidim-user-30,Decidim::User,false,participatory_process_2_collaborator@example.org,Fr. Jacques Hammes,krystyna,en,,[],http://botsford.example/casey_okon,Rerum ducimus dolorem. Repellat expedita omnis.,http://localhost/rails/active_storage/blobs/redirect/eyJfcmFpbHMiOnsibWVzc2FnZSI6IkJBaHBOdz09IiwiZXhwIjpudWxsLCJwdXIiOiJibG9iX2lkIn19--846330eb80eb7cc213b3f6c22af05e1322a7fa9d/025.jpg,{},{},all,2026-03-19 12:44:34 UTC,2026-03-19 12:44:34 UTC,2026-03-19 12:44:34 UTC,,,
decidim-user-31,Decidim::User,false,participatory_process_2_moderator@example.org,Elliott Thiel,carlos_stark,en,,[],http://bins.test/candis,Nulla nesciunt facere. Qui consequatur laboriosam.,http://localhost/rails/active_storage/blobs/redirect/eyJfcmFpbHMiOnsibWVzc2FnZSI6IkJBaHBPQT09IiwiZXhwIjpudWxsLCJwdXIiOiJibG9iX2lkIn19--75abb13ba6abc7b75c2ceb2f683a135f613f1a04/004.jpg,{},{},all,2026-03-19 12:44:35 UTC,2026-03-19 12:44:35 UTC,2026-03-19 12:44:35 UTC,,,
decidim-user-32,Decidim::User,false,participatory_process_2_valuator@example.org,Ryann Bradtke,bruna,en,,[],http://hoppe.example/glenn,Nam et porro. Perspiciatis rerum excepturi.,http://localhost/rails/active_storage/blobs/redirect/eyJfcmFpbHMiOnsibWVzc2FnZSI6IkJBaHBPUT09IiwiZXhwIjpudWxsLCJwdXIiOiJibG9iX2lkIn19--368834a4ea12004ccffdb63953f408042bcbde5f/082.jpg,{},{},all,2026-03-19 12:44:36 UTC,2026-03-19 12:44:36 UTC,2026-03-19 12:44:35 UTC,,,
decidim-user-33,Decidim::User,false,meeting-registered-user-14-280eb32a@example.org,Randolph Boyer Esq.,erlene,en,,[],http://leffler-rolfson.example/elane,Autem nisi dolore. Numquam nostrum dicta.,http://localhost/rails/active_storage/blobs/redirect/eyJfcmFpbHMiOnsibWVzc2FnZSI6IkJBaHBUQT09IiwiZXhwIjpudWxsLCJwdXIiOiJibG9iX2lkIn19--dde99e3f9e91d13fd1d0fd5bcf75e6a9121c3852/042.jpg,{},{},all,2026-03-19 12:52:10 UTC,2026-03-19 12:52:11 UTC,2026-03-19 12:52:10 UTC,,,
decidim-user-34,Decidim::User,false,meeting-registered-user-14-da8ffe35@example.org,Sarita Rowe,santo,en,,[],http://strosin.example/willia.nader,Nisi qui ratione. Qui explicabo sit.,http://localhost/rails/active_storage/blobs/redirect/eyJfcmFpbHMiOnsibWVzc2FnZSI6IkJBaHBUUT09IiwiZXhwIjpudWxsLCJwdXIiOiJibG9iX2lkIn19--5a6b5eab3945139513dbaf3141cc72f102a19761/006.jpg,{},{},all,2026-03-19 12:52:11 UTC,2026-03-19 12:52:11 UTC,2026-03-19 12:52:11 UTC,,,
decidim-user-35,Decidim::User,false,meeting-registered-user-18-4eb73de2@example.org,Cecila Stanton,virgen_fahey,en,,[],http://johnston-durgan.example/harris,Quisquam sit modi. Dolorum maxime nostrum.,http://localhost/rails/active_storage/blobs/redirect/eyJfcmFpbHMiOnsibWVzc2FnZSI6IkJBaHBVUT09IiwiZXhwIjpudWxsLCJwdXIiOiJibG9iX2lkIn19--78057730589806d7fce879ab623ee743780f7876/019.jpg,{},{},all,2026-03-19 12:53:20 UTC,2026-03-19 12:53:20 UTC,2026-03-19 12:53:20 UTC,,,
decidim-user-36,Decidim::User,false,meeting-registered-user-18-28666e83@example.org,The Hon. Denice O'Reilly,carroll,en,,[],http://oconner-ratke.example/maxie.douglas,Quia dolorum voluptates. Impedit omnis saepe.,http://localhost/rails/active_storage/blobs/redirect/eyJfcmFpbHMiOnsibWVzc2FnZSI6IkJBaHBVZz09IiwiZXhwIjpudWxsLCJwdXIiOiJibG9iX2lkIn19--f7fc29606a68d78bbdff1552ac22d5ecc24728fe/045.jpg,{},{},all,2026-03-19 12:53:20 UTC,2026-03-19 12:53:20 UTC,2026-03-19 12:53:20 UTC,,,
decidim-user-37,Decidim::User,false,amendment-author-participatory_process-2-640e25fc@example.org,Jamey Torphy,nichole_kutch,en,,[],http://stroman.example/salvatore,Dicta sunt nam. Inventore et maiores.,http://localhost/rails/active_storage/blobs/redirect/eyJfcmFpbHMiOnsibWVzc2FnZSI6IkJBaHBWZz09IiwiZXhwIjpudWxsLCJwdXIiOiJibG9iX2lkIn19--a789370989df4b76d00f326b9a47a621ade02b07/075.jpg,{},{},all,2026-03-19 12:54:07 UTC,2026-03-19 12:54:07 UTC,2026-03-19 12:54:07 UTC,,,
decidim-user-39,Decidim::User,false,vote-author-participatory_process-2-e8f70644@example.org,Malcom Effertz,gilberte_daugherty,en,,[],http://larkin-windler.example/rodrick,Odio cupiditate officia. Numquam explicabo accusantium.,http://localhost/rails/active_storage/blobs/redirect/eyJfcmFpbHMiOnsibWVzc2FnZSI6IkJBaHBWdz09IiwiZXhwIjpudWxsLCJwdXIiOiJibG9iX2lkIn19--5c4da16cdc23d1f88b783c55fc3fc08ab243274c/011.jpg,{},{},all,2026-03-19 12:54:24 UTC,2026-03-19 12:54:24 UTC,2026-03-19 12:54:24 UTC,,,
decidim-user-40,Decidim::User,false,vote-author-participatory_process-2-fc899d68@example.org,Mrs. Joesph Bernhard,tory_prosacco,en,,[],http://kerluke.example/marvis,Et doloribus officiis. Et nulla aut.,http://localhost/rails/active_storage/blobs/redirect/eyJfcmFpbHMiOnsibWVzc2FnZSI6IkJBaHBXQT09IiwiZXhwIjpudWxsLCJwdXIiOiJibG9iX2lkIn19--bdcf8ff2d63484dbeba25b4a22c58a4a628050c5/075.jpg,{},{},all,2026-03-19 12:55:09 UTC,2026-03-19 12:55:09 UTC,2026-03-19 12:55:09 UTC,,,
decidim-user-41,Decidim::User,false,vote-author-participatory_process-2-8783c46c@example.org,Vince Trantow,benjamin,en,,[],http://hintz.example/benjamin.wehner,Voluptatem voluptas cupiditate. Tempore rem qui.,http://localhost/rails/active_storage/blobs/redirect/eyJfcmFpbHMiOnsibWVzc2FnZSI6IkJBaHBXUT09IiwiZXhwIjpudWxsLCJwdXIiOiJibG9iX2lkIn19--154b6f3658721747d5bf61a4d15d1c72fe16b0f2/001.jpg,{},{},all,2026-03-19 12:55:10 UTC,2026-03-19 12:55:10 UTC,2026-03-19 12:55:10 UTC,,,
decidim-user-42,Decidim::User,false,amendment-author-participatory_process-2-e1e87677@example.org,Ross Glover VM,mariah_herzog,en,,[],http://ryan-leffler.example/amparo,Et cum porro. Et tempora aut.,http://localhost/rails/active_storage/blobs/redirect/eyJfcmFpbHMiOnsibWVzc2FnZSI6IkJBaHBXZz09IiwiZXhwIjpudWxsLCJwdXIiOiJibG9iX2lkIn19--e8c1a51704b6c16ff73e21cafe596da84e2605b2/033.jpg,{},{},all,2026-03-19 12:55:34 UTC,2026-03-19 12:55:34 UTC,2026-03-19 12:55:34 UTC,,,
decidim-user-44,Decidim::User,false,vote-author-participatory_process-2-8c94c371@example.org,Griselda Jones,marty_littel,en,,[],http://champlin-cronin.test/ramiro.hamill,Itaque aut omnis. Vel sunt ea.,http://localhost/rails/active_storage/blobs/redirect/eyJfcmFpbHMiOnsibWVzc2FnZSI6IkJBaHBXdz09IiwiZXhwIjpudWxsLCJwdXIiOiJibG9iX2lkIn19--e5b1e124c458e9a7bf21d20798cf45fda71bd3fa/083.jpg,{},{},all,2026-03-19 12:56:01 UTC,2026-03-19 12:56:02 UTC,2026-03-19 12:56:01 UTC,,,
decidim-user-45,Decidim::User,false,assembly_1_admin@example.org,Rev. Guy Mueller,nathanael_baumbach,en,,[],http://labadie-schulist.example/bobbye,Accusantium est sit. Incidunt maxime eaque.,http://localhost/rails/active_storage/blobs/redirect/eyJfcmFpbHMiOnsibWVzc2FnZSI6IkJBaHBYZz09IiwiZXhwIjpudWxsLCJwdXIiOiJibG9iX2lkIn19--469a9c69e57e4fd2c68a30c2c4bdcf39f8bfe088/079.jpg,{},{},all,2026-03-19 12:56:27 UTC,2026-03-19 12:56:27 UTC,2026-03-19 12:56:27 UTC,,,
decidim-user-46,Decidim::User,false,assembly_1_collaborator@example.org,Kristeen Ritchie,ghislaine,en,,[],http://feest.test/carleen.auer,Rerum excepturi molestiae. Placeat reprehenderit dolor.,http://localhost/rails/active_storage/blobs/redirect/eyJfcmFpbHMiOnsibWVzc2FnZSI6IkJBaHBYdz09IiwiZXhwIjpudWxsLCJwdXIiOiJibG9iX2lkIn19--0e599b5854d14bcf780048537a110aa75e9a10e5/014.jpg,{},{},all,2026-03-19 12:56:28 UTC,2026-03-19 12:56:28 UTC,2026-03-19 12:56:28 UTC,,,
decidim-user-47,Decidim::User,false,assembly_1_moderator@example.org,Wilmer Cremin,kip_lang,en,,[],http://dooley.test/laquita_pfeffer,Distinctio a labore. Nobis sint delectus.,http://localhost/rails/active_storage/blobs/redirect/eyJfcmFpbHMiOnsibWVzc2FnZSI6IkJBaHBZQT09IiwiZXhwIjpudWxsLCJwdXIiOiJibG9iX2lkIn19--d535f7ade685d461d89d026a397dd4c062c74fd5/098.jpg,{},{},all,2026-03-19 12:56:29 UTC,2026-03-19 12:56:29 UTC,2026-03-19 12:56:29 UTC,,,
decidim-user-48,Decidim::User,false,assembly_1_valuator@example.org,Leonardo Ankunding,teresita_durgan,en,,[],http://rutherford.test/loni_dibbert,Numquam veritatis quod. Non nesciunt eos.,http://localhost/rails/active_storage/blobs/redirect/eyJfcmFpbHMiOnsibWVzc2FnZSI6IkJBaHBZUT09IiwiZXhwIjpudWxsLCJwdXIiOiJibG9iX2lkIn19--8b56413643ea35567c3ed337b174d341a3eaa0a6/077.jpg,{},{},all,2026-03-19 12:56:29 UTC,2026-03-19 12:56:29 UTC,2026-03-19 12:56:29 UTC,,,
decidim-user-49,Decidim::User,false,meeting-registered-user-24-6ea1715d@example.org,Tony O'Conner,julissa,en,,[],http://terry-fisher.example/robin_mckenzie,Pariatur non dolor. Blanditiis sint tempora.,http://localhost/rails/active_storage/blobs/redirect/eyJfcmFpbHMiOnsibWVzc2FnZSI6IkJBaHBkQT09IiwiZXhwIjpudWxsLCJwdXIiOiJibG9iX2lkIn19--9e6ab2238760cd99ebb577ab9984127641933058/017.jpg,{},{},all,2026-03-19 13:03:15 UTC,2026-03-19 13:03:15 UTC,2026-03-19 13:03:15 UTC,,,
decidim-user-50,Decidim::User,false,meeting-registered-user-24-36b5526a@example.org,Shaunna Adams,clayton,en,,[],http://kertzmann.test/lelia,Consequatur et nihil. Facere optio explicabo.,http://localhost/rails/active_storage/blobs/redirect/eyJfcmFpbHMiOnsibWVzc2FnZSI6IkJBaHBkUT09IiwiZXhwIjpudWxsLCJwdXIiOiJibG9iX2lkIn19--ea0956b985c7cbb2ffb173b10366a7e0f69dd66b/019.jpg,{},{},all,2026-03-19 13:03:16 UTC,2026-03-19 13:03:16 UTC,2026-03-19 13:03:16 UTC,,,
decidim-user-51,Decidim::User,false,meeting-registered-user-28-eea8843e@example.org,Gayle Brown DVM,josef,en,,[],http://pouros.example/miyoko,Voluptatem veritatis facilis. Quaerat eos labore.,http://localhost/rails/active_storage/blobs/redirect/eyJfcmFpbHMiOnsibWVzc2FnZSI6IkJBaHBlUT09IiwiZXhwIjpudWxsLCJwdXIiOiJibG9iX2lkIn19--83beb1ef1bddf05eafe3c8bc58801b499c831e65/019.jpg,{},{},all,2026-03-19 13:03:53 UTC,2026-03-19 13:03:53 UTC,2026-03-19 13:03:53 UTC,,,
decidim-user-52,Decidim::User,false,meeting-registered-user-28-b57ba6f2@example.org,Marquis Nitzsche,shiloh_lind,en,,[],http://hettinger-klein.example/clair_bechtelar,Consequatur tenetur quod. Repellat adipisci illum.,http://localhost/rails/active_storage/blobs/redirect/eyJfcmFpbHMiOnsibWVzc2FnZSI6IkJBaHBlZz09IiwiZXhwIjpudWxsLCJwdXIiOiJibG9iX2lkIn19--7240d4a1e15f61669ab20104b798387c6c8cb8fd/049.jpg,{},{},all,2026-03-19 13:03:54 UTC,2026-03-19 13:03:54 UTC,2026-03-19 13:03:53 UTC,,,
decidim-user-53,Decidim::User,false,amendment-author-assembly-1-6a184fa5@example.org,Kelly Heidenreich,chance,en,,[],http://mohr-howell.example/chi,Voluptatum saepe voluptatibus. Et veniam qui.,http://localhost/rails/active_storage/blobs/redirect/eyJfcmFpbHMiOnsibWVzc2FnZSI6IkJBaHBmZz09IiwiZXhwIjpudWxsLCJwdXIiOiJibG9iX2lkIn19--00d025569bb3059f84e32147cc7c2f7e98f43ce0/012.jpg,{},{},all,2026-03-19 13:04:26 UTC,2026-03-19 13:04:26 UTC,2026-03-19 13:04:26 UTC,,,
decidim-user-55,Decidim::User,false,amendment-author-assembly-1-4cb537c3@example.org,Jesusita Bechtelar,leopoldo,en,,[],http://deckow.test/petrina_franecki,Quis sint dolorem. Odit et ut.,http://localhost/rails/active_storage/blobs/redirect/eyJfcmFpbHMiOnsibWVzc2FnZSI6IkJBaHBmdz09IiwiZXhwIjpudWxsLCJwdXIiOiJibG9iX2lkIn19--386c90222d67fbdc099794aaca8460527096fb25/005.jpg,{},{},all,2026-03-19 13:05:08 UTC,2026-03-19 13:05:08 UTC,2026-03-19 13:05:08 UTC,,,
decidim-user-57,Decidim::User,false,vote-author-assembly-1-cec593ce@example.org,Dr. Tegan Ernser,rory,en,,[],http://altenwerth-goldner.test/jewel,Quis ut velit. Eum ut amet.,http://localhost/rails/active_storage/blobs/redirect/eyJfcmFpbHMiOnsibWVzc2FnZSI6IkJBaHBBWHM9IiwiZXhwIjpudWxsLCJwdXIiOiJibG9iX2lkIn19--bf4d61506356b5553b8c7bd800ced06f2f2f2991/094.jpg,{},{},all,2026-03-19 13:05:09 UTC,2026-03-19 13:05:09 UTC,2026-03-19 13:05:09 UTC,,,
decidim-user-58,Decidim::User,false,amendment-author-assembly-1-c47cf690@example.org,Clinton Gleason,damion_dubuque,en,,[],http://lakin.example/adan,Nulla beatae minima. Quia ad eos.,http://localhost/rails/active_storage/blobs/redirect/eyJfcmFpbHMiOnsibWVzc2FnZSI6IkJBaHBBWHc9IiwiZXhwIjpudWxsLCJwdXIiOiJibG9iX2lkIn19--344eeb1ce41691f6db5f89dca0b7e4c570cc424e/046.jpg,{},{},all,2026-03-19 13:05:31 UTC,2026-03-19 13:05:31 UTC,2026-03-19 13:05:31 UTC,,,
decidim-user-60,Decidim::User,false,vote-author-assembly-1-fcb73b4e@example.org,Andrea Paucek,dan_runolfsson,en,,[],http://lockman.test/loan,At ut nam. Quisquam molestias quod.,http://localhost/rails/active_storage/blobs/redirect/eyJfcmFpbHMiOnsibWVzc2FnZSI6IkJBaHBBWDA9IiwiZXhwIjpudWxsLCJwdXIiOiJibG9iX2lkIn19--cf19927d0a77d87fb9269ab16774e71f761cb208/039.jpg,{},{},all,2026-03-19 13:05:32 UTC,2026-03-19 13:05:32 UTC,2026-03-19 13:05:31 UTC,,,
decidim-user-61,Decidim::User,false,vote-author-assembly-1-00f88d63@example.org,Rep. Boris Bayer,dean,en,,[],http://braun-kunde.example/ken.veum,Quidem debitis est. Omnis vel ea.,http://localhost/rails/active_storage/blobs/redirect/eyJfcmFpbHMiOnsibWVzc2FnZSI6IkJBaHBBWDQ9IiwiZXhwIjpudWxsLCJwdXIiOiJibG9iX2lkIn19--95307e562bc654dbcf1c63a2b0cb74e4da2bbd87/037.jpg,{},{},all,2026-03-19 13:05:32 UTC,2026-03-19 13:05:32 UTC,2026-03-19 13:05:32 UTC,,,
decidim-user-62,Decidim::User,false,vote-author-assembly-1-415ddc92@example.org,Dr. Andre Crona,arnulfo,en,,[],http://labadie.test/grace_feest,Autem repellat cupiditate. Sunt deserunt voluptatibus.,http://localhost/rails/active_storage/blobs/redirect/eyJfcmFpbHMiOnsibWVzc2FnZSI6IkJBaHBBWDg9IiwiZXhwIjpudWxsLCJwdXIiOiJibG9iX2lkIn19--20e81681c351a7d8cc6f2d8dcb61d5f09893002d/059.jpg,{},{},all,2026-03-19 13:06:07 UTC,2026-03-19 13:06:07 UTC,2026-03-19 13:06:07 UTC,,,
decidim-user-63,Decidim::User,false,meeting-registered-user-34-1515a822@example.org,Travis Bode,krysten_renner,en,,[],http://bode.test/filomena.schowalter,Qui blanditiis similique. Dolor id nemo.,http://localhost/rails/active_storage/blobs/redirect/eyJfcmFpbHMiOnsibWVzc2FnZSI6IkJBaHBBWWs9IiwiZXhwIjpudWxsLCJwdXIiOiJibG9iX2lkIn19--99c5a8345ca1e67950e33214588321356997a459/031.jpg,{},{},all,2026-03-19 13:12:39 UTC,2026-03-19 13:12:39 UTC,2026-03-19 13:12:39 UTC,,,
decidim-user-64,Decidim::User,false,meeting-registered-user-34-686b152c@example.org,Rep. Pasquale Waelchi,madalene_kertzmann,en,,[],http://effertz.test/doyle.johnston,Laborum ea recusandae. Officiis est omnis.,http://localhost/rails/active_storage/blobs/redirect/eyJfcmFpbHMiOnsibWVzc2FnZSI6IkJBaHBBWW89IiwiZXhwIjpudWxsLCJwdXIiOiJibG9iX2lkIn19--aa661652d38383763adfec252ccc7de8e325513d/090.jpg,{},{},all,2026-03-19 13:12:39 UTC,2026-03-19 13:12:39 UTC,2026-03-19 13:12:39 UTC,,,
decidim-user-65,Decidim::User,false,meeting-registered-user-38-9bd558a6@example.org,Trinidad Konopelski,stacie,en,,[],http://tillman-kutch.example/bobbie,Ea praesentium quia. Aliquid consequatur autem.,http://localhost/rails/active_storage/blobs/redirect/eyJfcmFpbHMiOnsibWVzc2FnZSI6IkJBaHBBWTQ9IiwiZXhwIjpudWxsLCJwdXIiOiJibG9iX2lkIn19--4d8e98c5165956a62172a0b6e77524f6bbc897bd/015.jpg,{},{},all,2026-03-19 13:13:05 UTC,2026-03-19 13:13:05 UTC,2026-03-19 13:13:04 UTC,,,
decidim-user-66,Decidim::User,false,meeting-registered-user-38-9004ec03@example.org,Scotty Lowe,seth_schoen,en,,[],http://koepp.example/rueben_witting,Cumque et harum. Quia consequatur dolorem.,http://localhost/rails/active_storage/blobs/redirect/eyJfcmFpbHMiOnsibWVzc2FnZSI6IkJBaHBBWTg9IiwiZXhwIjpudWxsLCJwdXIiOiJibG9iX2lkIn19--70d2faf8b1c53408f72e93663469d299c1b923ef/081.jpg,{},{},all,2026-03-19 13:13:05 UTC,2026-03-19 13:13:05 UTC,2026-03-19 13:13:05 UTC,,,
decidim-user-67,Decidim::User,false,amendment-author-assembly-2-3e184ab0@example.org,Jimmy Powlowski,parker,en,,[],http://rippin-padberg.test/mohamed,Et et iure. Eveniet sed atque.,http://localhost/rails/active_storage/blobs/redirect/eyJfcmFpbHMiOnsibWVzc2FnZSI6IkJBaHBBWk09IiwiZXhwIjpudWxsLCJwdXIiOiJibG9iX2lkIn19--1e6aeb7c244f99fbc1b1be360cf955bd0f071f5a/072.jpg,{},{},all,2026-03-19 13:14:04 UTC,2026-03-19 13:14:04 UTC,2026-03-19 13:14:04 UTC,,,
decidim-user-69,Decidim::User,false,vote-author-assembly-2-a2dede0b@example.org,Sherilyn Frami,marcelino,en,,[],http://walter-nader.test/adena.flatley,Ea iure itaque. Quos voluptas voluptas.,http://localhost/rails/active_storage/blobs/redirect/eyJfcmFpbHMiOnsibWVzc2FnZSI6IkJBaHBBWlE9IiwiZXhwIjpudWxsLCJwdXIiOiJibG9iX2lkIn19--8e914e2b9c61afcbf98f97a786f1095c0d427a7b/053.jpg,{},{},all,2026-03-19 13:14:04 UTC,2026-03-19 13:14:05 UTC,2026-03-19 13:14:04 UTC,,,
decidim-user-70,Decidim::User,false,vote-author-assembly-2-7baed7c1@example.org,Merle Beatty,helaine_cronin,en,,[],http://smitham-barton.example/reyes,Perferendis voluptatem delectus. Aspernatur non aut.,http://localhost/rails/active_storage/blobs/redirect/eyJfcmFpbHMiOnsibWVzc2FnZSI6IkJBaHBBWlU9IiwiZXhwIjpudWxsLCJwdXIiOiJibG9iX2lkIn19--bd1b4eb3890d29641f81131d21160d90b75817e3/060.jpg,{},{},all,2026-03-19 13:14:07 UTC,2026-03-19 13:14:07 UTC,2026-03-19 13:14:07 UTC,,,
decidim-user-71,Decidim::User,false,vote-author-assembly-2-86702eca@example.org,Bernadette Tillman,fernanda,en,,[],http://russel.test/idalia,Cumque corporis vitae. Autem aut quam.,http://localhost/rails/active_storage/blobs/redirect/eyJfcmFpbHMiOnsibWVzc2FnZSI6IkJBaHBBWlk9IiwiZXhwIjpudWxsLCJwdXIiOiJibG9iX2lkIn19--812629ff17cac75fe89356a5014f13c44b07c37e/072.jpg,{},{},all,2026-03-19 13:14:08 UTC,2026-03-19 13:14:08 UTC,2026-03-19 13:14:07 UTC,,,
decidim-user-72,Decidim::User,false,vote-author-assembly-2-70f6258c@example.org,The Hon. Tiffany Goodwin,lauretta_lind,en,,[],http://jacobi.test/junita,Aliquam cupiditate cumque. Unde ut deleniti.,http://localhost/rails/active_storage/blobs/redirect/eyJfcmFpbHMiOnsibWVzc2FnZSI6IkJBaHBBWmM9IiwiZXhwIjpudWxsLCJwdXIiOiJibG9iX2lkIn19--05a883b9e2865399acd6f290e261b03648abdeb9/060.jpg,{},{},all,2026-03-19 13:14:34 UTC,2026-03-19 13:14:34 UTC,2026-03-19 13:14:34 UTC,,,
decidim-user-73,Decidim::User,false,assembly_3_admin@example.org,Roxann Keeling,leslie_goldner,en,,[],http://ledner.example/vince_beahan,Voluptates odio iusto. Distinctio repudiandae aut.,http://localhost/rails/active_storage/blobs/redirect/eyJfcmFpbHMiOnsibWVzc2FnZSI6IkJBaHBBWms9IiwiZXhwIjpudWxsLCJwdXIiOiJibG9iX2lkIn19--42da6a064f875353456c0e128a65f5185191c06b/051.jpg,{},{},all,2026-03-19 13:14:59 UTC,2026-03-19 13:15:00 UTC,2026-03-19 13:14:59 UTC,,,
decidim-user-74,Decidim::User,false,assembly_3_collaborator@example.org,Jeane Davis,karole,en,,[],http://kub-dickinson.test/adena,Dolor deserunt est. A reiciendis perferendis.,http://localhost/rails/active_storage/blobs/redirect/eyJfcmFpbHMiOnsibWVzc2FnZSI6IkJBaHBBWm89IiwiZXhwIjpudWxsLCJwdXIiOiJibG9iX2lkIn19--2fee039ae29baf4450a4a94263f808c2e234ff9e/064.jpg,{},{},all,2026-03-19 13:15:00 UTC,2026-03-19 13:15:00 UTC,2026-03-19 13:15:00 UTC,,,
decidim-user-75,Decidim::User,false,assembly_3_moderator@example.org,Bertha Will,kyle_farrell,en,,[],http://gutmann.test/tegan.wiegand,Sed dolores quia. Commodi distinctio tempora.,http://localhost/rails/active_storage/blobs/redirect/eyJfcmFpbHMiOnsibWVzc2FnZSI6IkJBaHBBWnM9IiwiZXhwIjpudWxsLCJwdXIiOiJibG9iX2lkIn19--c039410ef7e9985fa02900c8569e036e56b8fee4/051.jpg,{},{},all,2026-03-19 13:15:01 UTC,2026-03-19 13:15:01 UTC,2026-03-19 13:15:00 UTC,,,
decidim-user-76,Decidim::User,false,assembly_3_valuator@example.org,Ms. Shaunna Kozey,mohamed_kerluke,en,,[],http://crist.example/jordan_dach,Voluptates non consequuntur. Est quasi enim.,http://localhost/rails/active_storage/blobs/redirect/eyJfcmFpbHMiOnsibWVzc2FnZSI6IkJBaHBBWnc9IiwiZXhwIjpudWxsLCJwdXIiOiJibG9iX2lkIn19--e432e509ea77dace2b9f8b8f243c71d462b1c29e/080.jpg,{},{},all,2026-03-19 13:15:01 UTC,2026-03-19 13:15:01 UTC,2026-03-19 13:15:01 UTC,,,
decidim-user-77,Decidim::User,false,meeting-registered-user-44-32b225ba@example.org,Maude Durgan,alisia,en,,[],http://rutherford.example/wesley,Quo ipsa id. Corrupti explicabo sed.,http://localhost/rails/active_storage/blobs/redirect/eyJfcmFpbHMiOnsibWVzc2FnZSI6IkJBaHBBYkE9IiwiZXhwIjpudWxsLCJwdXIiOiJibG9iX2lkIn19--1603990b509e3c34250d4387d66ee834438a01e4/019.jpg,{},{},all,2026-03-19 13:20:27 UTC,2026-03-19 13:20:27 UTC,2026-03-19 13:20:27 UTC,,,
decidim-user-78,Decidim::User,false,meeting-registered-user-44-2140220d@example.org,The Hon. Hazel Emmerich,bradford,en,,[],http://kerluke.test/guy,Veritatis delectus adipisci. Qui quam dolore.,http://localhost/rails/active_storage/blobs/redirect/eyJfcmFpbHMiOnsibWVzc2FnZSI6IkJBaHBBYkU9IiwiZXhwIjpudWxsLCJwdXIiOiJibG9iX2lkIn19--cbbbbe94c731c5ef96a6372ba33db0c1b4da6c80/072.jpg,{},{},all,2026-03-19 13:20:28 UTC,2026-03-19 13:20:28 UTC,2026-03-19 13:20:27 UTC,,,
decidim-user-79,Decidim::User,false,meeting-registered-user-48-edae26b7@example.org,Lanny Altenwerth,raleigh,en,,[],http://abbott-witting.test/teri.rolfson,Illum nihil provident. Delectus maxime sed.,http://localhost/rails/active_storage/blobs/redirect/eyJfcmFpbHMiOnsibWVzc2FnZSI6IkJBaHBBYlU9IiwiZXhwIjpudWxsLCJwdXIiOiJibG9iX2lkIn19--abc5da88eca92641d56a1bbc0564fc859cd70c87/089.jpg,{},{},all,2026-03-19 13:20:49 UTC,2026-03-19 13:20:49 UTC,2026-03-19 13:20:49 UTC,,,
decidim-user-80,Decidim::User,false,meeting-registered-user-48-e1c1e7dd@example.org,Evonne Jacobson,hunter_morar,en,,[],http://hamill.test/douglass,Laudantium repellendus ut. Autem quasi incidunt.,http://localhost/rails/active_storage/blobs/redirect/eyJfcmFpbHMiOnsibWVzc2FnZSI6IkJBaHBBYlk9IiwiZXhwIjpudWxsLCJwdXIiOiJibG9iX2lkIn19--1eed5700319165bce428db65a39760e55e761b1e/053.jpg,{},{},all,2026-03-19 13:20:50 UTC,2026-03-19 13:20:50 UTC,2026-03-19 13:20:50 UTC,,,
decidim-user-81,Decidim::User,false,vote-author-assembly-3-8448ca78@example.org,Rasheeda Sauer,roslyn_runte,en,,[],http://bahringer-murazik.example/ali,Nam sed nostrum. Qui rerum et.,http://localhost/rails/active_storage/blobs/redirect/eyJfcmFpbHMiOnsibWVzc2FnZSI6IkJBaHBBYnc9IiwiZXhwIjpudWxsLCJwdXIiOiJibG9iX2lkIn19--b2acd4c961cdd46575246305e0769a127bcc74d5/063.jpg,{},{},all,2026-03-19 13:21:17 UTC,2026-03-19 13:21:17 UTC,2026-03-19 13:21:17 UTC,,,
decidim-user-82,Decidim::User,false,amendment-author-assembly-3-d5ae249d@example.org,Catrice Stroman,hildegarde,en,,[],http://boyle.example/fidel,Similique itaque quod. Dolor sed odio.,http://localhost/rails/active_storage/blobs/redirect/eyJfcmFpbHMiOnsibWVzc2FnZSI6IkJBaHBBYjQ9IiwiZXhwIjpudWxsLCJwdXIiOiJibG9iX2lkIn19--d282f02d72c87416c6ab4a824ff0f5289fbb1ac2/001.jpg,{},{},all,2026-03-19 13:21:55 UTC,2026-03-19 13:21:55 UTC,2026-03-19 13:21:54 UTC,,,
decidim-user-84,Decidim::User,false,vote-author-assembly-3-ed547bf6@example.org,Rep. Harlan Walter,lucretia,en,,[],http://johnston.example/sofia,Atque aut quos. Ipsum aperiam hic.,http://localhost/rails/active_storage/blobs/redirect/eyJfcmFpbHMiOnsibWVzc2FnZSI6IkJBaHBBYjg9IiwiZXhwIjpudWxsLCJwdXIiOiJibG9iX2lkIn19--2f7386cf34be83cdf99d9945562abcef89ad720c/065.jpg,{},{},all,2026-03-19 13:21:55 UTC,2026-03-19 13:21:55 UTC,2026-03-19 13:21:55 UTC,,,
decidim-user-85,Decidim::User,false,vote-author-assembly-3-84420c66@example.org,Heidi Boehm,coy,en,,[],http://lockman.example/dayna_hammes,Ut corrupti consequatur. Voluptas et consequatur.,http://localhost/rails/active_storage/blobs/redirect/eyJfcmFpbHMiOnsibWVzc2FnZSI6IkJBaHBBY0E9IiwiZXhwIjpudWxsLCJwdXIiOiJibG9iX2lkIn19--c39b0eacc70033b650259d57a7cd5e958d91bf97/083.jpg,{},{},all,2026-03-19 13:21:56 UTC,2026-03-19 13:21:56 UTC,2026-03-19 13:21:56 UTC,,,
decidim-user-86,Decidim::User,false,amendment-author-assembly-3-03ab6065@example.org,Thad Bergstrom JD,stacey,en,,[],http://kuhic-gleichner.example/bailey_terry,Est et nemo. Dicta cum quisquam.,http://localhost/rails/active_storage/blobs/redirect/eyJfcmFpbHMiOnsibWVzc2FnZSI6IkJBaHBBY009IiwiZXhwIjpudWxsLCJwdXIiOiJibG9iX2lkIn19--328638fdf0de513389de8291a0bd0876db8aa0e6/004.jpg,{},{},all,2026-03-19 13:22:47 UTC,2026-03-19 13:22:47 UTC,2026-03-19 13:22:47 UTC,,,
decidim-user-88,Decidim::User,false,vote-author-assembly-3-2f81c3cf@example.org,Bunny Buckridge,isidro,en,,[],http://veum.test/maria_terry,Optio pariatur et. At cupiditate assumenda.,http://localhost/rails/active_storage/blobs/redirect/eyJfcmFpbHMiOnsibWVzc2FnZSI6IkJBaHBBY1E9IiwiZXhwIjpudWxsLCJwdXIiOiJibG9iX2lkIn19--0ecc9dd73f3fad97ea0b02673b6a8e3a9872e41b/019.jpg,{},{},all,2026-03-19 13:22:48 UTC,2026-03-19 13:22:48 UTC,2026-03-19 13:22:48 UTC,,,
decidim-user-89,Decidim::User,false,meeting-registered-user-54-2e6f5e04@example.org,Brock Volkman,belen_torphy,en,,[],http://sauer.test/jenniffer,Autem quod harum. Rerum ea officia.,http://localhost/rails/active_storage/blobs/redirect/eyJfcmFpbHMiOnsibWVzc2FnZSI6IkJBaHBBYzQ9IiwiZXhwIjpudWxsLCJwdXIiOiJibG9iX2lkIn19--1d36b8080ccf5507abbf0b4ef12acce2c9f92da9/068.jpg,{},{},all,2026-03-19 13:31:14 UTC,2026-03-19 13:31:14 UTC,2026-03-19 13:31:14 UTC,,,
decidim-user-90,Decidim::User,false,meeting-registered-user-54-cb7aca11@example.org,Minh Pagac,olivia_koss,en,,[],http://volkman.example/oralia.marquardt,Et repellendus quibusdam. Ut hic veritatis.,http://localhost/rails/active_storage/blobs/redirect/eyJfcmFpbHMiOnsibWVzc2FnZSI6IkJBaHBBYzg9IiwiZXhwIjpudWxsLCJwdXIiOiJibG9iX2lkIn19--484a691093558eef9a1222ab6a1e07e5174dc542/093.jpg,{},{},all,2026-03-19 13:31:15 UTC,2026-03-19 13:31:15 UTC,2026-03-19 13:31:15 UTC,,,
decidim-user-91,Decidim::User,false,meeting-registered-user-58-621436ce@example.org,Ela Jones,garth_cummerata,en,,[],http://renner.example/vernetta,Exercitationem id iusto. In nesciunt nulla.,http://localhost/rails/active_storage/blobs/redirect/eyJfcmFpbHMiOnsibWVzc2FnZSI6IkJBaHBBZE09IiwiZXhwIjpudWxsLCJwdXIiOiJibG9iX2lkIn19--3393d34a0335fa3de4dc23584576db85ff1b0871/012.jpg,{},{},all,2026-03-19 13:32:11 UTC,2026-03-19 13:32:11 UTC,2026-03-19 13:32:11 UTC,,,
decidim-user-92,Decidim::User,false,meeting-registered-user-58-34a721ff@example.org,Prof. Cedric Towne,cathern,en,,[],http://gusikowski.example/madlyn.mertz,Quae nihil architecto. Id iusto rerum.,http://localhost/rails/active_storage/blobs/redirect/eyJfcmFpbHMiOnsibWVzc2FnZSI6IkJBaHBBZFE9IiwiZXhwIjpudWxsLCJwdXIiOiJibG9iX2lkIn19--ac2c402c887421bd68cea9e288ad38f1bbe50d1d/095.jpg,{},{},all,2026-03-19 13:32:12 UTC,2026-03-19 13:32:12 UTC,2026-03-19 13:32:12 UTC,,,
decidim-user-93,Decidim::User,false,amendment-author-assembly-4-e86d6b68@example.org,Dwight Murray,pennie,en,,[],http://abshire.test/hector_gottlieb,Ducimus nam ipsum. Ea molestiae eos.,http://localhost/rails/active_storage/blobs/redirect/eyJfcmFpbHMiOnsibWVzc2FnZSI6IkJBaHBBZGc9IiwiZXhwIjpudWxsLCJwdXIiOiJibG9iX2lkIn19--31695d0a5d8ce149c5dbed976e5a67f303af4289/033.jpg,{},{},all,2026-03-19 13:32:43 UTC,2026-03-19 13:32:43 UTC,2026-03-19 13:32:42 UTC,,,
decidim-user-95,Decidim::User,false,vote-author-assembly-4-9abfbf6f@example.org,Sheri Block,hans,en,,[],http://doyle.example/goldie_hintz,Eum quae sint. Occaecati blanditiis voluptate.,http://localhost/rails/active_storage/blobs/redirect/eyJfcmFpbHMiOnsibWVzc2FnZSI6IkJBaHBBZGs9IiwiZXhwIjpudWxsLCJwdXIiOiJibG9iX2lkIn19--eec7668debfb8143c9ccb5e70d3b8174519e96ac/005.jpg,{},{},all,2026-03-19 13:32:43 UTC,2026-03-19 13:32:44 UTC,2026-03-19 13:32:43 UTC,,,
decidim-user-96,Decidim::User,false,vote-author-assembly-4-6c6a52f3@example.org,Pres. Bernard Rutherford,bert_stehr,en,,[],http://grimes-hirthe.example/marlin,Eius facilis cumque. Debitis sequi dolor.,http://localhost/rails/active_storage/blobs/redirect/eyJfcmFpbHMiOnsibWVzc2FnZSI6IkJBaHBBZG89IiwiZXhwIjpudWxsLCJwdXIiOiJibG9iX2lkIn19--b801cfee31520ee7b12c33d715cce234ab5ae249/039.jpg,{},{},all,2026-03-19 13:33:12 UTC,2026-03-19 13:33:12 UTC,2026-03-19 13:33:12 UTC,,,
decidim-user-97,Decidim::User,false,vote-author-assembly-4-5f8ed6f9@example.org,Bambi Larkin,federico_goyette,en,,[],http://pollich.test/emmitt_altenwerth,Itaque voluptatem et. Facere a error.,http://localhost/rails/active_storage/blobs/redirect/eyJfcmFpbHMiOnsibWVzc2FnZSI6IkJBaHBBZHM9IiwiZXhwIjpudWxsLCJwdXIiOiJibG9iX2lkIn19--13b2b04fd5073a6d33d32bf1dab9e879939a06f1/007.jpg,{},{},all,2026-03-19 13:33:12 UTC,2026-03-19 13:33:12 UTC,2026-03-19 13:33:12 UTC,,,
decidim-user-98,Decidim::User,false,vote-author-assembly-4-21f54bd1@example.org,Moses D'Amore,winford_langosh,en,,[],http://bashirian.example/lloyd.rice,Non et ut. Perferendis veniam omnis.,http://localhost/rails/active_storage/blobs/redirect/eyJfcmFpbHMiOnsibWVzc2FnZSI6IkJBaHBBZHc9IiwiZXhwIjpudWxsLCJwdXIiOiJibG9iX2lkIn19--5dc37a3f1ff076134f8ead652acdd976a44cd7fc/093.jpg,{},{},all,2026-03-19 13:33:32 UTC,2026-03-19 13:33:32 UTC,2026-03-19 13:33:32 UTC,,,
decidim-user-99,Decidim::User,false,conference_1_admin@example.org,Sen. Delfina Emmerich,jen,en,,[],http://towne.example/staci.mcdermott,Qui doloribus possimus. Molestiae sed iusto.,http://localhost/rails/active_storage/blobs/redirect/eyJfcmFpbHMiOnsibWVzc2FnZSI6IkJBaHBBZDA9IiwiZXhwIjpudWxsLCJwdXIiOiJibG9iX2lkIn19--6fd3c8df222b40f2a059ddd73f700257637e4475/072.jpg,{},{},all,2026-03-19 13:33:50 UTC,2026-03-19 13:33:50 UTC,2026-03-19 13:33:50 UTC,,,
decidim-user-100,Decidim::User,false,conference_1_collaborator@example.org,Lindsey Muller Sr.,tyler,en,,[],http://okon-walter.test/benedict,Dolorem tempore officia. Voluptas tenetur ut.,http://localhost/rails/active_storage/blobs/redirect/eyJfcmFpbHMiOnsibWVzc2FnZSI6IkJBaHBBZDQ9IiwiZXhwIjpudWxsLCJwdXIiOiJibG9iX2lkIn19--374c311c9e8742c456e5912b2df09ab686d8815b/022.jpg,{},{},all,2026-03-19 13:33:50 UTC,2026-03-19 13:33:51 UTC,2026-03-19 13:33:50 UTC,,,
decidim-user-101,Decidim::User,false,conference_1_moderator@example.org,Nikita Rau Sr.,nola,en,,[],http://reynolds-lindgren.example/mel,Voluptatem voluptas impedit. Ipsum aut sed.,http://localhost/rails/active_storage/blobs/redirect/eyJfcmFpbHMiOnsibWVzc2FnZSI6IkJBaHBBZDg9IiwiZXhwIjpudWxsLCJwdXIiOiJibG9iX2lkIn19--7ce8895b5a88cb9d570fbd611df8f1481db67092/086.jpg,{},{},all,2026-03-19 13:33:51 UTC,2026-03-19 13:33:51 UTC,2026-03-19 13:33:51 UTC,,,
decidim-user-102,Decidim::User,false,conference_1_valuator@example.org,Jeramy Hodkiewicz,tenesha,en,,[],http://kilback.example/kathaleen.mann,Delectus adipisci maiores. Dicta animi voluptates.,http://localhost/rails/active_storage/blobs/redirect/eyJfcmFpbHMiOnsibWVzc2FnZSI6IkJBaHBBZUE9IiwiZXhwIjpudWxsLCJwdXIiOiJibG9iX2lkIn19--9c1dfaae239be86db1c0e901ed4aa72f55949732/090.jpg,{},{},all,2026-03-19 13:33:52 UTC,2026-03-19 13:33:52 UTC,2026-03-19 13:33:52 UTC,,,
decidim-user-103,Decidim::User,false,meeting-registered-user-64-51ef581c@example.org,Rev. Vena Cummings,demarcus,en,,[],http://walker.test/lyndon,In dignissimos magni. Alias blanditiis qui.,http://localhost/rails/active_storage/blobs/redirect/eyJfcmFpbHMiOnsibWVzc2FnZSI6IkJBaHBBZnM9IiwiZXhwIjpudWxsLCJwdXIiOiJibG9iX2lkIn19--a87789a40e4043f6635a5f8b4df59820af7bb352/060.jpg,{},{},all,2026-03-19 13:41:09 UTC,2026-03-19 13:41:09 UTC,2026-03-19 13:41:09 UTC,,,
decidim-user-104,Decidim::User,false,meeting-registered-user-64-fc3d6fe0@example.org,Danita Bednar,anika_kuhic,en,,[],http://miller.example/tam,Unde quia harum. Est ex qui.,http://localhost/rails/active_storage/blobs/redirect/eyJfcmFpbHMiOnsibWVzc2FnZSI6IkJBaHBBZnc9IiwiZXhwIjpudWxsLCJwdXIiOiJibG9iX2lkIn19--af681b25df6c127e64bcd0c0ae311e539dca5fee/047.jpg,{},{},all,2026-03-19 13:41:09 UTC,2026-03-19 13:41:10 UTC,2026-03-19 13:41:09 UTC,,,
decidim-user-105,Decidim::User,false,meeting-registered-user-68-84848f04@example.org,Hayden Stehr,karolyn,en,,[],http://farrell-corkery.example/lloyd.von,Ab itaque magnam. Molestias explicabo quia.,http://localhost/rails/active_storage/blobs/redirect/eyJfcmFpbHMiOnsibWVzc2FnZSI6IkJBaHBBZ0FCIiwiZXhwIjpudWxsLCJwdXIiOiJibG9iX2lkIn19--b6ed8c68fa03a566679cb1dce95e640e15ea3982/090.jpg,{},{},all,2026-03-19 13:41:31 UTC,2026-03-19 13:41:31 UTC,2026-03-19 13:41:31 UTC,,,
decidim-user-106,Decidim::User,false,meeting-registered-user-68-20da4f11@example.org,Hildegarde Moore,kris,en,,[],http://schaefer.example/breanne,Ut sunt in. Est dolorum consequuntur.,http://localhost/rails/active_storage/blobs/redirect/eyJfcmFpbHMiOnsibWVzc2FnZSI6IkJBaHBBZ0VCIiwiZXhwIjpudWxsLCJwdXIiOiJibG9iX2lkIn19--12300a82ee96cdae424219ed7df0f139e5156a51/054.jpg,{},{},all,2026-03-19 13:41:32 UTC,2026-03-19 13:41:32 UTC,2026-03-19 13:41:32 UTC,,,
decidim-user-107,Decidim::User,false,amendment-author-conference-1-242de263@example.org,Agustin Hand,adrian,en,,[],http://dietrich-stiedemann.test/morton,Ea quod magnam. Aut natus architecto.,http://localhost/rails/active_storage/blobs/redirect/eyJfcmFpbHMiOnsibWVzc2FnZSI6IkJBaHBBZ2NCIiwiZXhwIjpudWxsLCJwdXIiOiJibG9iX2lkIn19--0dce9ebcd755bb6b48adaed53998b90aacbd7f3a/006.jpg,{},{},all,2026-03-19 13:42:01 UTC,2026-03-19 13:42:01 UTC,2026-03-19 13:42:01 UTC,,,
decidim-user-109,Decidim::User,false,vote-author-conference-1-f0721d79@example.org,Ozella Jerde,mandi_wintheiser,en,,[],http://haag.test/jake,Ipsa quis atque. Dolorem illo enim.,http://localhost/rails/active_storage/blobs/redirect/eyJfcmFpbHMiOnsibWVzc2FnZSI6IkJBaHBBZ2dCIiwiZXhwIjpudWxsLCJwdXIiOiJibG9iX2lkIn19--275278dba19d95ee69646178ecd8be54eef0d8e1/092.jpg,{},{},all,2026-03-19 13:42:02 UTC,2026-03-19 13:42:02 UTC,2026-03-19 13:42:02 UTC,,,
decidim-user-110,Decidim::User,false,vote-author-conference-1-75e8a8e7@example.org,Ollie Schumm,hilario_muller,en,,[],http://hintz-pfannerstill.test/jason,Soluta non aut. Et sint cum.,http://localhost/rails/active_storage/blobs/redirect/eyJfcmFpbHMiOnsibWVzc2FnZSI6IkJBaHBBZ29CIiwiZXhwIjpudWxsLCJwdXIiOiJibG9iX2lkIn19--bee6aa19d5679eb1054a7e99c46c5cdd9b6bf464/041.jpg,{},{},all,2026-03-19 13:42:15 UTC,2026-03-19 13:42:15 UTC,2026-03-19 13:42:15 UTC,,,
decidim-user-111,Decidim::User,false,vote-author-conference-1-d67ada12@example.org,Raymond Ortiz,marcus_bahringer,en,,[],http://stamm.example/junior,Ut autem nam. Occaecati est modi.,http://localhost/rails/active_storage/blobs/redirect/eyJfcmFpbHMiOnsibWVzc2FnZSI6IkJBaHBBZ3NCIiwiZXhwIjpudWxsLCJwdXIiOiJibG9iX2lkIn19--623f588302b9291c069ac374c71de7cc1ee87e6e/099.jpg,{},{},all,2026-03-19 13:42:16 UTC,2026-03-19 13:42:16 UTC,2026-03-19 13:42:16 UTC,,,
decidim-user-112,Decidim::User,false,amendment-author-conference-1-7b3b4080@example.org,Kimberley Bashirian Ret.,tracie,en,,[],http://boyer.example/malcom.aufderhar,Magnam neque provident. Qui et veniam.,http://localhost/rails/active_storage/blobs/redirect/eyJfcmFpbHMiOnsibWVzc2FnZSI6IkJBaHBBZzRCIiwiZXhwIjpudWxsLCJwdXIiOiJibG9iX2lkIn19--bffac6e50efd383239472fc969447ab34c839f8a/068.jpg,{},{},all,2026-03-19 13:42:47 UTC,2026-03-19 13:42:47 UTC,2026-03-19 13:42:47 UTC,,,
decidim-user-114,Decidim::User,false,vote-author-conference-1-6f848f75@example.org,Noel Rice,kanisha,en,,[],http://upton-hahn.example/alta_barton,Deleniti accusamus dolores. Tempore quaerat natus.,http://localhost/rails/active_storage/blobs/redirect/eyJfcmFpbHMiOnsibWVzc2FnZSI6IkJBaHBBZzhCIiwiZXhwIjpudWxsLCJwdXIiOiJibG9iX2lkIn19--dcb04a8bd48b324bd7e7674f7eceea34358ff628/067.jpg,{},{},all,2026-03-19 13:42:48 UTC,2026-03-19 13:42:48 UTC,2026-03-19 13:42:48 UTC,,,
decidim-user-115,Decidim::User,false,conference_2_admin@example.org,Palmer Dooley III,davina,en,,[],http://lebsack.example/annie.jerde,Qui quidem sed. Eos et quis.,http://localhost/rails/active_storage/blobs/redirect/eyJfcmFpbHMiOnsibWVzc2FnZSI6IkJBaHBBaElCIiwiZXhwIjpudWxsLCJwdXIiOiJibG9iX2lkIn19--eb1cdd30f2b120d7ce41fd0e2739450c4cc2ab07/011.jpg,{},{},all,2026-03-19 13:43:02 UTC,2026-03-19 13:43:02 UTC,2026-03-19 13:43:02 UTC,,,
decidim-user-116,Decidim::User,false,conference_2_collaborator@example.org,Kay Hessel,lyle,en,,[],http://jacobson.test/ulysses,Atque eum esse. Enim optio quidem.,http://localhost/rails/active_storage/blobs/redirect/eyJfcmFpbHMiOnsibWVzc2FnZSI6IkJBaHBBaE1CIiwiZXhwIjpudWxsLCJwdXIiOiJibG9iX2lkIn19--182d82bdf2a3bcb837ec376440ae49962a4e3194/086.jpg,{},{},all,2026-03-19 13:43:03 UTC,2026-03-19 13:43:03 UTC,2026-03-19 13:43:03 UTC,,,
decidim-user-117,Decidim::User,false,conference_2_moderator@example.org,Jude McLaughlin,shaun_morar,en,,[],http://hermiston.test/ruben.waters,Harum laudantium ut. Et ut rem.,http://localhost/rails/active_storage/blobs/redirect/eyJfcmFpbHMiOnsibWVzc2FnZSI6IkJBaHBBaFFCIiwiZXhwIjpudWxsLCJwdXIiOiJibG9iX2lkIn19--948e7b03bc3aa8cd1d0c439433796bbb1d3ad089/078.jpg,{},{},all,2026-03-19 13:43:04 UTC,2026-03-19 13:43:04 UTC,2026-03-19 13:43:03 UTC,,,
decidim-user-118,Decidim::User,false,conference_2_valuator@example.org,Dagmar Little,jaime,en,,[],http://mcclure-bruen.example/mae.wisoky,Quod sit reiciendis. Tempora quo fugiat.,http://localhost/rails/active_storage/blobs/redirect/eyJfcmFpbHMiOnsibWVzc2FnZSI6IkJBaHBBaFVCIiwiZXhwIjpudWxsLCJwdXIiOiJibG9iX2lkIn19--2b07e14832fa4a19ace973bbfa2dc848fa033f96/075.jpg,{},{},all,2026-03-19 13:43:04 UTC,2026-03-19 13:43:04 UTC,2026-03-19 13:43:04 UTC,,,
decidim-user-119,Decidim::User,false,meeting-registered-user-74-4d4a50b1@example.org,Sherman Kozey,dana_rohan,en,,[],http://auer.test/zofia_schiller,Reiciendis ea ut. Unde aliquam expedita.,http://localhost/rails/active_storage/blobs/redirect/eyJfcmFpbHMiOnsibWVzc2FnZSI6IkJBaHBBakFCIiwiZXhwIjpudWxsLCJwdXIiOiJibG9iX2lkIn19--004241980b9302c2f1ea4e229ec68e5c63bc9cef/076.jpg,{},{},all,2026-03-19 13:51:13 UTC,2026-03-19 13:51:13 UTC,2026-03-19 13:51:13 UTC,,,
decidim-user-120,Decidim::User,false,meeting-registered-user-74-a5be5b85@example.org,Weston Jast VM,matthew_zemlak,en,,[],http://dietrich.example/vance_blick,Culpa laudantium nihil. Corporis distinctio quo.,http://localhost/rails/active_storage/blobs/redirect/eyJfcmFpbHMiOnsibWVzc2FnZSI6IkJBaHBBakVCIiwiZXhwIjpudWxsLCJwdXIiOiJibG9iX2lkIn19--046ecfbbeb8dd1a6e628659879ae1df34092a6bb/028.jpg,{},{},all,2026-03-19 13:51:14 UTC,2026-03-19 13:51:14 UTC,2026-03-19 13:51:14 UTC,,,
decidim-user-121,Decidim::User,false,meeting-registered-user-78-2ee2ac77@example.org,Laci Krajcik III,mason_halvorson,en,,[],http://erdman-bechtelar.test/jamie.ziemann,Non qui velit. Ut assumenda a.,http://localhost/rails/active_storage/blobs/redirect/eyJfcmFpbHMiOnsibWVzc2FnZSI6IkJBaHBBalVCIiwiZXhwIjpudWxsLCJwdXIiOiJibG9iX2lkIn19--57b48023786b38a8998fc604f60c63adbf57afa1/089.jpg,{},{},all,2026-03-19 13:52:11 UTC,2026-03-19 13:52:11 UTC,2026-03-19 13:52:11 UTC,,,
decidim-user-122,Decidim::User,false,meeting-registered-user-78-0827e3ef@example.org,Lupe Keebler,connie,en,,[],http://donnelly.example/theda,Veritatis est perferendis. Modi enim cum.,http://localhost/rails/active_storage/blobs/redirect/eyJfcmFpbHMiOnsibWVzc2FnZSI6IkJBaHBBallCIiwiZXhwIjpudWxsLCJwdXIiOiJibG9iX2lkIn19--1e70ff09332c09e9833710c1dd2efe165e7763bc/010.jpg,{},{},all,2026-03-19 13:52:11 UTC,2026-03-19 13:52:11 UTC,2026-03-19 13:52:11 UTC,,,
decidim-user-123,Decidim::User,false,amendment-author-conference-2-e470b601@example.org,Terrence Emmerich,karissa_anderson,en,,[],http://hirthe-little.test/audrea,Aperiam molestias ut. Qui dolore ut.,http://localhost/rails/active_storage/blobs/redirect/eyJfcmFpbHMiOnsibWVzc2FnZSI6IkJBaHBBam9CIiwiZXhwIjpudWxsLCJwdXIiOiJibG9iX2lkIn19--770c5dce465fc1051054a967a9e08f376e01da9c/023.jpg,{},{},all,2026-03-19 13:52:30 UTC,2026-03-19 13:52:30 UTC,2026-03-19 13:52:29 UTC,,,
decidim-user-125,Decidim::User,false,vote-author-conference-2-b2168f99@example.org,Stacey O'Conner,kent_bruen,en,,[],http://jerde.test/carlene,Pariatur ullam unde. Esse possimus et.,http://localhost/rails/active_storage/blobs/redirect/eyJfcmFpbHMiOnsibWVzc2FnZSI6IkJBaHBBanNCIiwiZXhwIjpudWxsLCJwdXIiOiJibG9iX2lkIn19--01a62fe50f2f4f941ab7cd7b1294d8833ba1217d/079.jpg,{},{},all,2026-03-19 13:52:39 UTC,2026-03-19 13:52:39 UTC,2026-03-19 13:52:38 UTC,,,
decidim-user-126,Decidim::User,false,vote-author-conference-2-6305926b@example.org,Eli Lynch,yvette_pollich,en,,[],http://considine.example/rodrick,Iure ut in. Et totam accusantium.,http://localhost/rails/active_storage/blobs/redirect/eyJfcmFpbHMiOnsibWVzc2FnZSI6IkJBaHBBandCIiwiZXhwIjpudWxsLCJwdXIiOiJibG9iX2lkIn19--6c5eb2a3bf0ef384bf29e970acfe846090c45ed2/082.jpg,{},{},all,2026-03-19 13:53:06 UTC,2026-03-19 13:53:06 UTC,2026-03-19 13:53:06 UTC,,,
decidim-user-127,Decidim::User,false,vote-author-conference-2-8b787f92@example.org,Pei Sawayn DVM,hector,en,,[],http://ortiz-legros.example/lorenzo_hagenes,Quam eos alias. Eum nihil provident.,http://localhost/rails/active_storage/blobs/redirect/eyJfcmFpbHMiOnsibWVzc2FnZSI6IkJBaHBBajBCIiwiZXhwIjpudWxsLCJwdXIiOiJibG9iX2lkIn19--a5a84515e703804ea522ef82107235e9b25a559c/059.jpg,{},{},all,2026-03-19 13:53:07 UTC,2026-03-19 13:53:07 UTC,2026-03-19 13:53:07 UTC,,,
decidim-user-128,Decidim::User,false,amendment-author-conference-2-6d4a11f9@example.org,Collen Dickinson,joey_barton,en,,[],http://vonrueden.test/kenyatta,Aut earum dicta. Aut fuga harum.,http://localhost/rails/active_storage/blobs/redirect/eyJfcmFpbHMiOnsibWVzc2FnZSI6IkJBaHBBajRCIiwiZXhwIjpudWxsLCJwdXIiOiJibG9iX2lkIn19--8b8397b3fcda49d73d73a57e528d35196a81cd64/089.jpg,{},{},all,2026-03-19 13:53:42 UTC,2026-03-19 13:53:42 UTC,2026-03-19 13:53:42 UTC,,,
decidim-user-130,Decidim::User,false,vote-author-conference-2-422415eb@example.org,Jason Botsford,alycia_leuschke,en,,[],http://zieme.test/carol,In non ut. Animi nulla iste.,http://localhost/rails/active_storage/blobs/redirect/eyJfcmFpbHMiOnsibWVzc2FnZSI6IkJBaHBBajhCIiwiZXhwIjpudWxsLCJwdXIiOiJibG9iX2lkIn19--969564dfa43f26d73b03d38d67c318e9f6e654f4/031.jpg,{},{},all,2026-03-19 13:53:43 UTC,2026-03-19 13:53:43 UTC,2026-03-19 13:53:43 UTC,,,
decidim-user-131,Decidim::User,false,opm@example.org,Org Participant Manager,org_participant_mana,,,"[""user_manager""]",,,,{},{},all,2026-05-27 08:35:58 UTC,2026-05-27 08:35:58 UTC,,,,
