avatar_url,gender,nr
https://res.cloudinary.com/citizenlabco/image/upload/v1643207849/anonymized_user_avatars/avatar01.jpg,male,1
https://res.cloudinary.com/citizenlabco/image/upload/v1643207848/anonymized_user_avatars/avatar02.jpg,male,2
https://res.cloudinary.com/citizenlabco/image/upload/v1643207849/anonymized_user_avatars/avatar03.jpg,female,3
https://res.cloudinary.com/citizenlabco/image/upload/v1643207849/anonymized_user_avatars/avatar04.jpg,female,4
https://res.cloudinary.com/citizenlabco/image/upload/v1643207848/anonymized_user_avatars/avatar05.jpg,female,5
https://res.cloudinary.com/citizenlabco/image/upload/v1643207848/anonymized_user_avatars/avatar06.jpg,male,6
https://res.cloudinary.com/citizenlabco/image/upload/v1643207848/anonymized_user_avatars/avatar07.jpg,female,7
https://res.cloudinary.com/citizenlabco/image/upload/v1643207850/anonymized_user_avatars/avatar08.jpg,female,8
https://res.cloudinary.com/citizenlabco/image/upload/v1643207849/anonymized_user_avatars/avatar09.jpg,male,9
https://res.cloudinary.com/citizenlabco/image/upload/v1643207849/anonymized_user_avatars/avatar09.jpg,female,10
https://res.cloudinary.com/citizenlabco/image/upload/v1643207850/anonymized_user_avatars/avatar11.jpg,male,11
https://res.cloudinary.com/citizenlabco/image/upload/v1643207849/anonymized_user_avatars/avatar12.jpg,male,12
https://res.cloudinary.com/citizenlabco/image/upload/v1643207850/anonymized_user_avatars/avatar13.jpg,male,13
https://res.cloudinary.com/citizenlabco/image/upload/v1643207850/anonymized_user_avatars/avatar14.jpg,female,14
https://res.cloudinary.com/citizenlabco/image/upload/v1643207851/anonymized_user_avatars/avatar15.jpg,male,15
https://res.cloudinary.com/citizenlabco/image/upload/v1643207851/anonymized_user_avatars/avatar16.jpg,male,16
https://res.cloudinary.com/citizenlabco/image/upload/v1643207853/anonymized_user_avatars/avatar17.jpg,male,17
https://res.cloudinary.com/citizenlabco/image/upload/v1643207855/anonymized_user_avatars/avatar18.jpg,female,18
https://res.cloudinary.com/citizenlabco/image/upload/v1643207855/anonymized_user_avatars/avatar19.jpg,female,19
https://res.cloudinary.com/citizenlabco/image/upload/v1643208026/anonymized_user_avatars/avatar20.jpg,female,20
https://res.cloudinary.com/citizenlabco/image/upload/v1643207850/anonymized_user_avatars/avatar21.jpg,female,21
https://res.cloudinary.com/citizenlabco/image/upload/v1643207852/anonymized_user_avatars/avatar22.jpg,female,22
https://res.cloudinary.com/citizenlabco/image/upload/v1643207852/anonymized_user_avatars/avatar23.jpg,male,23
https://res.cloudinary.com/citizenlabco/image/upload/v1643207852/anonymized_user_avatars/avatar24.jpg,male,24
https://res.cloudinary.com/citizenlabco/image/upload/v1643207854/anonymized_user_avatars/avatar25.jpg,female,25
https://res.cloudinary.com/citizenlabco/image/upload/v1643207856/anonymized_user_avatars/avatar26.jpg,male,26
https://res.cloudinary.com/citizenlabco/image/upload/v1643207854/anonymized_user_avatars/avatar27.jpg,female,27
https://res.cloudinary.com/citizenlabco/image/upload/v1643207852/anonymized_user_avatars/avatar28.jpg,male,28
https://res.cloudinary.com/citizenlabco/image/upload/v1643207854/anonymized_user_avatars/avatar29.jpg,female,29
https://res.cloudinary.com/citizenlabco/image/upload/v1643207851/anonymized_user_avatars/avatar30.jpg,male,30
https://res.cloudinary.com/citizenlabco/image/upload/v1643208305/anonymized_user_avatars/avatar31.jpg,female,31
https://res.cloudinary.com/citizenlabco/image/upload/v1643208304/anonymized_user_avatars/avatar32.jpg,female,32
https://res.cloudinary.com/citizenlabco/image/upload/v1643208304/anonymized_user_avatars/avatar33.jpg,male,33
https://res.cloudinary.com/citizenlabco/image/upload/v1643208304/anonymized_user_avatars/avatar34.jpg,male,34