first_name,gender
Ann-Katrin,female
Soren,male
Emma,female
Lise,female
Anu,female
Chris,male
Torbjørn,male
John,male
Siyu,female
Christian,male
Taine,male
Andreas,male
Evelyn,female
Cory,male
Tuaine,female
Peter,male
Seth,male
Jasmine,female
Nathan,male
Julia,female
Anjana,female
Stefan,male
Jiuling,female
Jelena,female
Bogdan,male
Catarina,female
Danica,female
Stanislav,male
Irena,female
Milan,male
Dr.Imogen,female
Katie,female
Polina,female
Amy,female
Ceraolo,female
Simon R.,male
Gabriel,male
Matt,male
Irm,female
Eleftherios,male
Sven,male
Vasilina,female
Albert,male
Sandra,female
Leslie,female
Pava,female
Jan-Piet,male
Yanni,female
Rob,male
Tessel,female
Jeanne,female
Thomas,male
Sheelagh,female
Lilian,female
Marcus,male
Xavier,male
Natasha,female
Marion,female
Prof. Jean-Christophe,male
Bruno,male
Jonathan,male
Arnoud,male
Devshi,female
Raf,male
Anne,female
Dries,male
Adrien,male
Jelle,male
Tom,male
Kelly,female
Dunola,female
Severin,male
Julienne,female
Rebecca,female
Dominique,female
Nikolai,male
Bernhard,male
Esmé,female
Jule,female
Marcel,female
Bill,male
Aditya,male
Ajun,male
Rachel,female
Shay,female
Danielle,female
Martha,female
Bob,male
Dave,male
Bridgette,female
Juan,male
Fernando,male
Olga,female
Eduardo,male
Rodrigo,male
Samantha,female
Vikram,male
Jesse,female
Jonah,male
Irene,female